N. Luggage,N. PeopleScan,N. Inspect,Verif. Luggage,Inspec. Luggage,Scan Person,Cap. Luggage,Prob. Irregular,Freq. People,Avg. Time
4,5,5,6,15,4,2,0.45,18,high
4,3,4,15,17,5,4,0.24,8,high
4,1,5,7,22,3,4,0.37,4,high
5,1,4,11,25,4,4,0.37,15,high
2,1,2,12,22,2,6,0.84,4,high
5,4,5,7,11,5,3,0.25,6,high
4,3,2,5,12,3,6,0.84,5,high
5,2,3,11,16,3,6,0.11,20,high
3,2,5,14,17,4,4,0.65,20,high
2,4,5,12,19,3,5,0.19,16,high
5,2,3,7,21,4,6,0.84,13,high
1,5,4,15,10,4,4,0.76,12,high
3,4,2,5,18,4,6,0.93,16,high
5,3,3,8,25,5,3,0.73,6,high
4,2,4,9,17,4,5,0.19,12,high
1,2,4,13,10,3,3,0.63,20,high
2,4,5,12,25,4,4,0.4,11,high
5,1,5,14,12,3,5,0.32,14,high
4,5,4,9,23,5,5,0.57,13,high
5,5,5,12,22,4,3,0.43,10,high
3,1,4,9,20,2,5,0.91,3,high
3,5,3,5,13,2,2,0.21,4,high
5,2,4,15,22,2,4,0.26,13,high
1,3,2,5,24,5,2,0.43,13,high
1,4,5,6,15,4,5,0.93,6,high
2,3,2,9,11,2,6,0.81,14,high
5,1,3,8,24,5,4,0.06,11,high
3,2,4,5,16,5,3,0.21,7,high
2,3,3,15,11,3,5,0.57,6,high
3,4,3,12,17,3,6,0.7,3,high
4,2,4,14,14,4,5,0.71,9,high
3,4,3,11,24,5,2,0.79,3,high
4,3,5,10,14,4,2,0.79,3,high
3,5,5,6,19,2,2,0.04,13,high
2,2,3,6,24,5,4,0.81,10,high
5,1,4,9,17,2,5,0.31,8,high
1,3,1,15,21,2,5,0.78,6,high
2,1,1,9,15,3,6,0.64,19,high
3,4,4,9,22,4,4,0.86,16,high
1,3,4,5,14,4,2,0.08,9,high
4,4,5,12,24,3,4,0.92,6,high
1,2,3,10,10,3,5,0.79,7,high
5,1,4,9,16,4,5,0.73,11,high
3,4,2,15,24,2,3,0,15,high
2,5,1,15,10,3,5,0.95,4,high
3,4,5,8,12,4,2,0.46,11,high
5,2,3,15,21,5,3,0.46,20,high
4,4,4,12,23,5,5,0.07,10,high
5,1,5,11,15,2,4,0.08,10,high
4,3,4,11,18,5,4,0.35,14,high
2,4,5,11,22,4,3,0.9,3,high
5,2,5,13,12,2,5,0.51,4,high
2,4,5,10,19,5,6,0.24,10,high
4,5,3,13,13,3,3,0.06,4,high
2,3,2,15,24,3,2,0.68,16,high
2,1,2,7,17,4,4,0.91,6,high
4,5,3,6,19,4,4,0.76,15,high
5,5,1,10,18,4,6,0.56,12,high
1,1,5,11,23,4,2,0.8,8,high
2,5,2,10,12,5,5,0.82,19,high
3,2,2,7,20,5,6,0.73,18,high
2,1,1,8,20,5,6,0.07,7,high
5,1,4,8,12,3,3,0.06,15,high
2,3,2,7,25,4,2,0.77,19,high
4,2,3,11,11,4,2,0.54,15,high
3,5,4,6,11,3,2,0.41,4,high
1,5,2,8,16,4,6,1,16,high
4,5,2,11,24,3,2,0.78,5,high
4,4,5,5,25,2,3,0.51,15,high
4,4,1,10,23,5,4,0.09,20,high
3,3,4,11,19,3,6,0.31,17,high
2,1,1,13,12,2,4,0.82,8,high
5,2,1,8,18,5,3,1,17,high
1,3,2,10,23,3,2,0.55,16,high
5,1,2,7,12,2,3,0.09,18,high
4,1,1,12,11,3,5,0.88,10,high
5,4,2,6,11,4,3,0.26,19,high
3,4,3,9,22,4,2,0.96,8,high
4,5,4,9,11,4,3,0.35,18,high
5,1,3,9,13,4,3,0.01,8,high
2,4,4,11,12,2,5,0.75,18,high
4,1,4,8,14,5,3,0.24,6,high
3,3,2,8,22,2,6,0.87,5,high
4,4,5,14,12,2,5,0.93,6,high
4,3,4,5,16,2,5,0.47,14,high
4,1,5,6,19,3,5,0.84,6,high
2,3,4,13,11,3,3,0.96,7,high
1,5,4,11,13,2,5,0.62,7,high
3,5,2,8,10,5,5,0.28,9,high
4,2,5,14,18,4,4,0.17,19,high
4,1,2,14,11,3,6,0.92,18,high
3,2,1,11,25,4,3,0.11,19,high
4,4,3,14,19,3,3,0.47,14,high
4,3,3,11,21,5,5,0.92,5,high
3,1,5,5,10,5,4,0.57,18,high
4,2,2,5,21,3,2,0.09,13,high
1,4,4,9,23,2,6,0.1,8,high
5,3,3,14,19,3,5,0.57,13,high
5,4,4,7,20,4,5,0.47,3,high
3,4,1,7,24,2,2,0.06,3,high
4,5,1,11,18,3,2,0.64,8,high
1,1,2,8,20,2,2,0.93,13,high
4,4,3,14,24,2,2,0.93,17,high
4,2,1,7,22,2,6,0.61,15,high
2,1,2,8,12,4,2,0.34,17,high
2,2,4,7,25,2,5,0.31,15,high
5,4,4,6,11,3,2,0.51,17,high
4,3,2,12,23,2,3,0.83,10,high
1,1,1,13,14,5,5,0.1,8,high
1,4,1,10,11,2,3,0.12,6,high
4,2,1,6,23,4,3,0.82,20,high
5,1,5,6,18,3,5,0.63,15,high
5,5,4,13,25,5,2,0.32,15,high
3,4,2,7,17,3,6,0.32,15,high
4,1,4,8,12,2,5,0.13,3,high
2,1,3,13,19,5,4,0.05,9,high
5,3,1,6,16,3,5,0.06,3,high
3,2,1,5,11,3,4,0.42,4,high
4,5,4,5,13,4,2,0.69,3,high
5,1,3,8,18,5,4,0.8,11,high
1,4,3,12,24,3,4,0.36,12,high
5,3,4,5,14,3,3,0.72,17,high
3,1,5,13,20,5,4,0.68,10,high
2,5,1,10,25,5,3,0.8,18,high
4,2,5,14,22,3,6,0.62,4,high
5,5,5,7,20,2,4,0.39,20,high
2,5,5,15,23,2,2,0.46,3,high
2,4,3,6,21,2,5,0.25,13,high
1,2,3,11,21,4,3,0.69,14,high
2,1,3,10,23,3,3,0.92,9,high
2,1,4,14,18,4,2,0.2,11,high
1,1,2,8,15,3,4,0.63,19,high
2,1,3,12,19,3,6,0.2,7,high
1,3,2,10,25,4,4,0.06,16,high
4,1,1,11,17,4,3,0.78,13,high
5,5,3,12,10,4,6,0.05,10,high
1,4,3,14,19,3,4,0.4,6,high
5,2,5,7,24,2,5,0.07,12,high
3,1,5,14,19,2,4,0.91,16,high
4,1,3,15,10,2,5,0.4,17,high
1,1,1,12,15,5,5,0.71,13,high
2,5,4,15,10,2,4,0.71,6,high
4,2,5,13,21,3,2,0.78,14,high
5,1,5,13,15,3,4,0.85,5,high
3,2,3,11,16,2,5,0.61,13,high
3,3,2,14,15,3,5,0.76,7,high
1,4,1,14,25,2,4,1,8,high
4,5,5,14,22,5,6,0.12,4,high
1,5,1,7,24,5,6,0.65,16,high
5,1,2,7,10,3,3,0.74,18,high
3,4,4,12,21,3,3,0.77,10,high
4,1,2,6,21,3,5,0.7,6,high
2,3,4,11,10,2,2,0.59,8,high
2,2,3,6,13,3,6,0.38,12,high
1,4,3,14,22,3,2,0.18,11,high
5,4,1,6,23,4,2,0.12,15,high
2,2,2,9,18,2,5,0.99,20,high
1,5,4,12,19,3,5,0.78,5,high
4,2,1,8,19,3,4,0.01,5,high
3,5,1,13,23,5,6,0.28,8,high
1,1,1,8,22,4,6,0.11,16,high
3,4,4,5,21,2,5,0.29,4,high
2,1,1,14,14,5,6,0.99,5,high
4,1,3,11,18,3,2,0.16,14,high
1,2,4,12,14,4,4,0.69,20,high
2,5,5,8,14,5,6,0.18,17,high
3,5,3,14,17,2,5,0.51,19,high
2,5,1,15,15,3,4,0.01,8,high
1,3,2,10,12,4,3,0.95,9,high
3,2,3,7,21,4,4,0.69,3,high
1,1,4,9,12,4,6,0.94,17,high
4,3,5,6,12,3,3,0.08,6,high
2,5,3,9,25,5,4,0.14,9,high
1,3,3,15,19,2,2,0.98,8,high
4,4,2,5,24,3,3,0.2,18,high
4,4,5,14,20,4,4,0.57,6,high
1,1,2,13,19,3,3,0.39,16,high
3,1,2,7,20,4,6,0.42,8,high
4,1,3,13,19,5,5,0.94,15,high
1,1,2,10,22,3,4,0.4,18,high
5,5,1,12,17,5,3,0.53,7,high
5,2,3,7,24,4,5,0.66,19,high
5,3,1,9,13,5,3,0.58,6,high
5,3,2,11,21,3,6,0.86,11,high
2,5,1,5,14,5,4,0.37,10,high
4,4,2,7,17,5,3,0.26,3,high
1,4,4,8,25,3,6,0.58,4,high
5,5,1,9,14,3,2,0.73,18,high
3,5,4,11,17,4,3,0.79,19,high
3,3,2,6,15,3,3,0.13,17,high
1,3,5,12,19,4,2,0.99,14,high
3,1,4,10,25,4,6,0.14,3,high
1,5,5,14,25,4,5,0.53,9,high
2,1,5,7,14,3,5,0.26,5,high
3,3,2,11,24,3,2,0.82,10,high
3,3,1,11,17,2,2,0.74,5,high
5,4,3,8,18,2,6,0.47,4,high
1,2,3,11,24,2,3,0.07,20,high
1,2,1,5,15,5,5,0.59,15,high
3,5,1,15,19,2,6,0.65,7,high
2,1,3,6,23,3,5,0.9,7,high
1,1,5,8,18,5,6,0.58,14,high
4,4,5,8,19,2,5,0.36,12,high
1,2,4,13,17,2,6,1,16,high
3,5,4,13,24,3,5,0.67,8,high
4,2,5,9,16,5,5,0.03,16,high
2,1,5,11,25,2,2,0.92,8,high
5,3,2,11,25,4,2,0.09,6,high
5,3,2,12,24,5,3,0.58,20,high
1,2,2,15,12,4,4,0.19,19,high
2,5,5,9,14,2,6,0.46,7,high
4,5,5,14,25,2,3,0.68,14,high
3,2,4,13,16,2,2,0.24,12,high
4,4,3,15,13,3,6,0.6,6,high
4,1,1,15,13,2,2,0.6,6,high
5,1,1,9,21,3,3,0.34,20,high
4,3,2,12,19,4,5,0.33,5,high
3,3,1,14,18,4,4,0.68,16,high
2,5,3,9,25,2,6,0.01,3,high
4,4,4,7,24,3,2,0.62,20,high
4,5,4,13,22,4,5,0.36,18,high
5,4,5,11,21,3,6,0.59,17,high
3,3,3,6,17,2,2,0.58,18,high
1,4,2,10,10,4,6,0.78,19,high
3,4,3,10,25,5,5,0.75,4,high
1,3,1,12,21,5,2,0.72,10,high
4,5,5,10,16,4,3,0.71,7,high
2,3,4,9,18,5,5,0.39,15,high
5,3,3,11,18,2,4,0.55,5,high
1,5,3,5,18,4,6,0.26,12,high
5,5,3,6,22,5,3,0.92,11,high
3,1,2,10,10,5,5,0.03,5,high
1,5,4,15,21,5,5,0.29,14,high
3,3,4,15,23,2,6,0.64,9,high
1,1,5,12,18,4,6,0.57,3,high
1,1,3,5,24,2,4,0.35,19,high
1,4,2,11,17,3,6,0.4,12,high
1,5,3,10,20,3,3,0.09,16,high
4,5,1,10,13,3,5,0.31,13,high
5,4,2,11,10,2,3,0.23,8,high
5,4,5,14,13,2,2,0.29,5,high
3,1,5,15,21,4,2,0.99,5,high
1,4,1,8,22,2,4,0.26,13,high
1,4,4,8,20,5,6,0.09,10,high
2,1,2,5,18,5,3,0.78,12,high
2,4,1,9,17,4,3,0.81,4,high
2,4,2,12,20,5,6,0.89,14,high
2,4,4,14,15,5,6,0.9,19,high
3,2,3,6,25,2,3,0.12,14,high
3,5,2,13,13,3,4,0.21,10,high
4,4,2,5,20,3,4,0.68,19,high
5,5,4,6,24,2,5,0.81,13,high
5,1,4,11,20,2,3,0.86,15,high
1,4,2,11,10,3,5,0.51,5,high
3,2,5,7,16,5,5,0.7,3,high
5,5,5,15,13,5,5,0.99,18,high
2,5,5,13,24,2,3,0.75,12,high
5,4,4,15,17,4,3,0.86,15,high
2,1,3,14,15,3,3,0.03,15,high
4,2,5,9,17,2,3,0.64,8,high
1,4,2,13,14,5,2,0.44,12,high
1,4,5,12,19,5,6,0,6,high
5,5,4,14,20,5,3,1,6,high
5,5,3,8,10,4,5,0.81,3,high
1,4,4,13,14,2,4,0.87,4,high
1,4,1,13,25,5,6,0.12,4,high
2,2,5,5,19,4,5,0.23,18,high
2,5,1,13,22,4,5,0.23,13,high
3,3,4,7,24,3,4,0.23,7,high
2,4,4,13,17,5,3,0.03,14,high
1,3,1,12,14,4,2,0.05,5,high
4,1,4,14,25,3,3,0.02,9,high
3,1,2,15,19,5,2,0.76,9,high
5,5,4,6,25,2,5,0.84,7,high
3,3,4,13,13,5,4,0.67,15,high
3,2,2,11,21,3,6,0.34,17,high
5,4,2,13,12,2,6,0.07,4,high
2,2,1,11,17,3,4,0.67,3,high
2,3,4,10,15,4,3,0.08,15,high
3,1,3,14,16,4,2,0.52,5,high
5,5,3,14,24,5,5,0.22,16,high
1,3,4,7,15,5,2,0.24,10,high
5,2,1,13,17,4,6,0.16,13,high
5,2,5,12,18,2,2,0.18,8,high
3,4,2,10,25,2,5,0.83,18,high
2,1,4,8,19,5,2,0.45,11,high
4,3,2,7,12,4,3,0.3,19,high
2,3,1,6,13,3,5,0.59,16,high
4,1,1,7,11,4,5,0.2,9,high
5,2,1,6,15,3,5,0.09,12,high
1,1,3,12,12,2,4,0.6,20,high
5,5,4,9,12,2,6,0.66,18,high
5,1,4,14,21,5,3,0.37,9,high
2,3,3,12,24,2,3,0.14,3,high
1,4,5,9,15,4,3,0.61,6,high
2,5,4,6,21,5,5,0.38,19,high
5,1,4,10,25,4,4,1,14,high
5,1,5,6,13,2,3,0.42,17,high
1,3,1,11,19,5,2,0.2,13,high
5,4,1,8,12,2,4,0.98,11,high
3,1,1,5,18,4,2,0.56,10,high
3,3,4,15,18,5,2,0.03,19,high
3,1,1,15,14,4,4,0.27,18,high
4,4,4,12,21,5,3,0.02,8,high
1,3,3,5,20,3,6,0.02,16,high
3,2,2,5,23,3,4,0.76,3,high
3,4,4,10,19,4,6,0.95,12,high
2,4,3,6,23,5,4,0.95,4,high
5,4,1,15,16,3,6,0.03,20,high
3,4,2,14,10,2,6,0.48,13,high
5,5,1,9,18,5,3,0.51,19,high
3,5,2,9,14,3,4,0.65,11,high
4,4,3,5,17,2,5,0.94,10,high
4,4,2,11,25,5,2,0.44,4,high
2,2,1,14,19,4,6,0.93,14,high
5,5,2,11,20,4,4,0.98,12,high
1,5,3,8,22,5,5,0.03,7,high
1,1,3,5,12,2,6,0.69,18,high
5,4,3,13,20,3,2,0.9,10,high
4,5,5,12,19,5,6,0.31,19,high
3,1,2,11,19,4,4,0.66,13,high
5,5,3,7,10,5,4,0.26,12,high
5,5,3,9,25,2,5,0.84,3,high
3,2,2,13,23,3,3,0.08,8,high
5,2,3,10,17,3,4,0.94,18,high
5,3,2,15,10,3,6,0.78,12,high
2,1,3,6,17,2,3,0.32,12,high
2,5,4,13,15,2,2,0.97,3,high
1,4,1,5,16,5,3,0.81,18,high
5,1,4,13,14,5,6,0.93,8,high
5,3,3,12,19,3,6,0.96,12,high
2,2,2,13,21,2,4,0.73,8,high
3,3,3,11,24,3,6,0.31,14,high
1,3,5,8,13,5,4,0.48,14,high
3,2,1,15,25,3,5,0.21,8,high
2,4,4,13,15,3,4,0.85,9,high
5,4,3,11,17,2,2,0.71,17,high
1,2,1,7,22,2,4,0.92,4,high
1,3,2,15,21,4,6,0.25,11,high
1,5,2,5,24,2,2,0.4,3,high
5,1,4,6,21,3,3,0.75,8,high
4,1,3,8,25,3,5,0.85,9,high
2,3,5,11,18,5,3,0.86,13,high
2,3,5,13,20,2,3,0.89,3,high
5,3,5,13,19,5,6,0.18,13,high
4,2,4,11,17,3,4,0.25,5,high
2,1,4,6,19,5,2,0.01,17,high
4,2,1,15,17,4,6,0.73,4,high
4,3,4,11,11,2,3,0.63,3,high
4,4,4,14,21,2,6,0.6,10,high
1,5,2,11,22,3,2,0.39,20,high
5,1,2,12,22,5,2,0.84,16,high
3,5,1,8,23,3,3,0.93,19,high
2,3,3,10,25,5,4,0.08,11,high
3,3,4,6,13,4,5,0.4,16,high
4,1,4,11,19,2,5,0.33,7,high
3,1,2,14,14,4,2,0.25,10,high
3,4,4,15,18,5,4,0.96,18,high
1,2,2,10,25,3,4,0.01,17,high
2,1,4,10,25,3,4,0.57,4,high
5,5,3,9,15,3,4,0.42,11,high
1,4,2,7,24,3,6,0.27,14,high
2,1,2,8,19,4,2,0.19,16,high
1,2,5,11,23,5,2,0.29,4,high
1,1,3,13,17,4,6,0.59,14,high
1,5,1,7,20,5,3,0.95,5,high
2,3,3,9,15,2,2,0.86,5,high
3,1,5,8,18,3,5,0.17,9,high
5,2,5,11,14,2,3,0.04,14,high
1,4,4,10,23,4,4,0.34,4,high
5,4,2,14,18,3,5,0.43,3,high
4,3,2,11,25,4,3,0.63,12,high
4,1,4,9,25,2,5,0.08,16,high
1,5,3,5,23,4,2,0.4,12,high
2,2,2,11,25,4,6,0.61,20,high
4,4,2,8,21,2,3,0.18,12,high
3,4,2,9,24,2,5,0.73,5,high
3,5,5,11,22,3,5,0.58,9,high
3,2,1,5,18,5,4,0.99,14,high
1,4,5,8,12,4,5,0.49,3,high
4,1,2,5,15,4,3,0.51,4,high
3,1,3,12,11,3,3,0.7,13,high
4,2,3,6,14,4,4,0.94,9,high
1,3,3,6,25,5,2,0.99,17,high
3,4,1,12,10,3,2,0.78,20,high
4,1,4,6,12,5,6,0.36,15,high
1,5,3,5,20,3,5,0.53,13,high
5,4,1,15,12,4,6,0.66,15,high
4,4,4,5,19,5,6,0.79,3,high
2,5,2,7,19,4,5,0.6,18,high
5,5,4,14,22,2,6,0.36,20,high
2,3,5,10,24,4,3,0.68,6,high
4,3,4,7,25,2,5,0.84,3,high
1,1,1,15,14,2,2,0.32,16,high
5,2,4,8,21,2,4,0.21,9,high
1,1,5,13,24,4,6,0.36,11,high
1,4,1,13,10,4,3,0.07,19,high
3,3,2,14,21,5,3,0.59,18,high
2,4,2,13,15,5,3,0.71,10,high
4,5,4,12,25,5,3,0.56,15,high
2,4,4,8,15,2,3,0.69,20,high
5,3,2,5,12,2,4,0.6,16,high
4,3,4,5,17,3,2,0.14,4,high
5,2,3,12,16,5,5,0.56,13,high
5,4,4,6,15,5,3,0.62,15,high
4,4,3,11,14,4,4,0.25,6,high
4,2,4,13,11,2,5,0.86,11,high
5,3,4,5,21,2,5,0.62,9,high
5,3,4,12,22,2,6,0.49,14,high
3,5,2,9,20,3,4,0.94,4,high
2,4,3,12,24,2,5,0.15,5,high
1,3,5,7,16,3,3,0.95,20,high
5,4,4,6,15,2,2,0.68,9,high
4,4,1,7,21,3,6,0.13,14,high
1,5,5,12,10,4,2,0.86,18,high
1,2,4,14,12,3,6,0.22,18,high
1,3,5,7,11,2,6,0,5,high
5,1,3,11,23,2,5,0.21,20,high
1,1,4,8,10,4,4,0.64,5,high
5,1,5,8,21,3,2,0.24,5,high
5,4,1,9,19,4,3,0.2,12,high
3,4,2,8,10,5,5,1,11,high
2,5,2,7,19,5,4,0.94,5,high
2,5,4,13,24,5,3,0.47,6,high
3,1,1,8,20,3,3,0.28,7,high
5,1,3,15,23,3,5,0.8,20,high
2,2,3,14,15,2,6,0.5,13,high
3,1,2,14,11,3,6,0.62,6,high
4,4,5,8,18,2,5,0.05,10,high
4,4,4,9,19,2,5,0.84,3,high
5,1,2,11,23,5,2,0.44,13,high
5,3,1,7,11,2,3,0.89,15,high
4,2,3,9,18,5,4,0.72,4,high
3,1,3,6,22,3,2,0.78,9,high
2,3,1,13,20,3,5,0.66,8,high
5,5,5,11,25,3,3,0.31,3,high
1,4,4,9,16,3,5,0.95,11,high
5,5,3,13,19,4,6,0.19,4,high
2,4,2,9,22,4,3,0.91,10,high
1,2,1,7,19,5,2,0.57,9,high
5,1,3,5,19,4,5,0.49,5,high
5,3,4,14,15,2,6,0.83,19,high
5,3,5,13,25,2,5,0.14,20,high
1,5,1,5,18,3,3,0.31,18,high
5,2,3,10,22,4,3,0.32,9,high
1,4,4,15,16,5,5,0.72,10,high
3,5,4,10,18,2,5,0.03,14,high
2,1,1,15,21,3,6,0.32,16,high
1,1,2,13,11,5,4,0.34,7,high
2,3,3,12,22,3,6,0.31,9,high
5,2,1,8,16,3,5,0.65,5,high
2,2,5,6,12,5,3,0.32,4,high
4,1,5,12,17,2,2,0.86,16,high
1,5,1,9,23,2,6,0.92,4,high
3,3,2,10,11,4,5,0.94,15,high
4,2,3,10,23,5,6,0.46,20,high
2,2,2,15,16,4,2,0.97,14,high
2,3,2,7,16,4,6,0.39,9,high
4,4,4,13,11,4,5,0.98,13,high
1,2,3,11,25,2,6,0.05,13,high
5,1,4,14,23,5,3,0.29,6,high
5,2,4,15,21,3,6,0.15,19,high
4,3,1,6,12,4,4,0.48,19,high
5,2,1,14,15,2,6,0.13,16,high
4,3,3,5,15,4,2,0.08,17,high
5,2,5,11,12,3,5,0.56,12,high
4,1,1,13,19,3,3,0.92,10,high
3,2,3,10,22,2,3,0.68,9,high
2,1,4,7,22,4,2,0.87,18,high
3,1,5,12,12,5,3,0.26,20,high
5,3,1,8,21,3,2,0.18,8,high
1,3,4,11,17,4,4,0.73,16,high
1,4,3,7,23,4,3,0.54,17,high
4,5,4,14,20,2,3,0.62,12,high
1,5,2,10,13,3,2,0.89,15,high
2,4,5,8,11,3,2,0.75,11,high
4,2,1,5,17,2,5,0.52,3,high
3,5,5,15,11,3,2,0.76,7,high
2,1,3,11,23,2,4,0.01,19,high
2,4,3,5,19,4,2,0.39,13,high
1,3,3,6,22,3,3,0.01,19,high
1,4,5,5,18,4,4,0.38,16,high
2,3,4,12,20,5,4,0.76,18,high
4,1,4,8,15,5,6,0.77,13,high
1,4,1,8,17,5,5,0.22,6,high
4,4,3,11,12,4,4,0.6,16,high
1,1,1,14,25,5,5,0.97,15,high
3,2,1,11,13,3,2,0.85,16,high
3,4,1,8,24,3,2,0.02,13,high
1,4,3,11,13,5,5,0.79,10,high
1,3,3,5,24,3,5,0.26,16,high
1,5,3,15,13,5,5,1,7,high
2,4,5,11,13,2,2,0.21,12,high
1,3,4,6,12,5,2,0.5,3,high
1,5,1,7,16,5,3,0.01,15,high
3,2,3,7,25,2,5,0.35,5,high
5,1,3,10,20,3,3,0.06,9,high
3,1,3,5,10,2,3,0.92,7,high
1,5,1,13,22,4,6,0.32,5,high
3,3,1,5,23,2,5,0.93,11,high
5,4,2,9,17,2,4,0.75,12,high
4,1,1,7,16,4,6,0.23,11,high
5,2,4,8,19,3,6,0.36,4,high
5,1,4,13,11,2,4,0.65,11,high
1,1,5,9,10,4,5,0.07,5,high
1,3,5,14,12,5,3,0.49,13,high
3,2,1,15,14,2,2,0.75,20,high
5,5,4,15,23,4,3,0.53,17,high
4,2,4,6,16,4,5,0.58,7,high
5,2,1,6,21,4,4,0.66,3,high
2,1,2,5,17,3,6,0.4,7,high
2,3,3,8,22,3,6,0.39,3,high
1,4,5,7,19,5,4,0.84,12,high
5,4,2,5,14,2,3,0.02,18,high
3,5,3,6,20,3,4,0.97,4,high
4,1,4,5,10,3,5,0.78,8,high
2,5,5,10,18,3,6,0.89,14,high
5,4,3,9,10,3,5,0.8,8,high
4,1,1,5,11,2,5,0,13,high
2,2,3,11,15,5,3,0.87,6,high
2,2,2,12,15,5,4,0.05,6,high
4,1,1,8,13,2,2,0.58,14,high
1,1,5,8,11,4,4,0.23,12,high
5,5,4,12,23,4,6,0.83,16,high
1,5,5,8,22,5,6,0.51,14,high
5,1,1,15,20,5,6,0.32,16,high
5,1,3,12,17,2,5,0.09,8,high
1,4,4,13,22,2,4,0.57,11,high
4,3,4,13,19,2,6,0.59,9,high
2,2,1,8,13,2,3,0.62,7,high
5,2,4,8,25,5,6,0.83,11,high
2,5,5,11,24,5,2,0.47,11,high
4,3,1,13,25,5,5,0.01,4,high
3,5,3,6,21,2,2,0.07,14,high
5,4,2,10,17,5,2,0.01,13,high
5,1,3,7,22,5,4,0.94,14,high
3,1,5,9,15,4,5,0.25,5,high
5,3,2,5,23,4,3,0.99,6,high
1,4,5,12,11,4,4,0.87,3,high
1,4,1,14,12,3,4,0.03,18,high
3,3,5,5,13,2,3,0.32,6,high
4,5,4,8,24,3,3,0.86,12,high
1,5,2,8,21,4,2,0.95,16,high
5,1,5,6,23,5,4,0.07,7,high
1,1,5,7,23,3,6,0.81,9,high
3,3,3,5,22,4,5,0.6,19,high
2,2,4,10,14,2,3,0.36,13,high
2,1,2,7,12,5,2,0.99,5,high
1,5,5,14,24,4,2,0.98,20,high
4,1,5,5,12,4,6,0.33,8,high
1,5,4,9,17,3,2,0.66,12,high
5,1,2,14,13,3,5,0.52,15,high
4,4,1,6,16,2,5,0.84,11,high
1,1,3,9,10,5,3,0.53,19,high
2,1,2,14,10,3,4,0.75,19,high
5,3,3,13,20,5,4,0.19,8,high
4,2,3,9,23,4,6,0.43,18,high
1,5,5,6,22,2,3,0.56,7,high
3,4,2,11,20,4,3,0.08,18,high
3,3,3,6,13,5,5,0.97,14,high
4,3,2,9,11,5,4,0.35,8,high
4,4,4,8,10,4,3,0.1,10,high
1,2,3,11,13,3,2,0.43,9,high
1,3,4,13,22,5,2,0.21,10,high
1,1,3,8,22,5,5,0.28,12,high
1,4,3,14,11,4,6,0.31,9,high
2,3,2,12,23,3,4,0,19,high
5,5,3,13,16,4,5,0.24,18,high
1,3,5,12,17,4,6,0.17,18,high
3,3,4,11,14,3,3,0.84,10,high
3,4,2,11,24,5,2,0.98,12,high
5,4,1,6,10,4,6,0.33,18,high
5,2,4,14,19,3,4,0.14,5,high
5,1,4,6,16,5,3,0.23,5,high
2,1,4,8,19,3,3,0.35,14,high
3,5,1,13,22,2,6,0.59,6,high
1,1,5,7,13,4,5,0.74,10,high
3,2,5,12,13,3,3,0.69,11,high
1,5,4,12,17,3,5,0.29,8,high
5,2,2,8,22,2,6,0.98,6,high
5,2,1,14,23,2,4,0.04,6,high
2,4,1,13,16,5,3,0.22,13,high
2,3,1,11,23,4,6,0.65,15,high
4,4,4,6,12,2,5,0.36,11,high
5,3,1,8,21,5,5,0.44,8,high
1,2,5,9,19,2,6,0.92,15,high
2,1,4,12,22,4,4,0.92,11,high
1,4,5,8,13,5,5,0.39,12,high
4,4,2,5,12,2,4,0.67,19,high
4,1,1,5,19,4,5,0.47,11,high
4,3,4,14,25,4,6,0.83,16,high
3,3,3,14,17,2,6,0.18,3,high
2,1,5,12,24,2,2,0.73,17,high
3,4,3,5,15,5,5,0.16,8,high
5,3,5,15,13,5,6,0.95,7,high
1,2,4,11,10,2,3,0.4,9,high
5,3,5,13,23,5,5,0.58,3,high
1,2,3,15,20,5,5,0.73,17,high
1,3,4,11,15,5,2,0.45,19,high
1,5,4,7,24,5,5,0.16,12,high
2,2,5,6,14,2,4,0.17,20,high
1,5,2,5,16,5,6,0.3,8,high
3,3,5,14,14,5,3,0.55,16,high
2,1,3,8,16,3,5,0.78,6,high
3,4,1,12,22,5,4,0.27,13,high
1,3,1,13,16,5,5,0.11,16,high
2,2,2,5,23,5,4,0.38,12,high
2,3,2,9,17,3,6,0.44,7,high
1,4,3,5,23,4,6,0.12,18,high
2,2,4,5,16,4,3,0.18,9,high
5,4,2,12,17,5,3,0.81,20,high
2,4,2,8,18,5,4,0.89,6,high
1,1,2,8,21,4,5,0.07,7,high
3,5,5,11,24,5,5,0.81,11,high
3,3,1,12,11,2,4,0.68,17,high
2,4,3,12,10,2,6,0.1,16,high
5,4,4,14,19,5,3,0.9,15,high
1,1,2,6,11,3,6,0.7,3,high
4,2,1,15,18,5,3,0.66,5,high
2,2,3,5,24,5,4,0.74,13,high
2,5,3,12,22,4,4,0.55,12,high
3,5,4,10,24,2,2,0.24,4,high
5,3,5,12,16,4,3,0.8,7,high
4,1,2,14,13,4,2,0.99,9,high
1,3,1,5,11,5,2,0.42,12,high
1,4,1,11,21,4,5,0.02,7,high
5,1,4,7,14,3,2,0.98,8,high
3,3,1,10,18,2,3,0.31,17,high
3,5,5,6,14,4,4,0.44,3,high
3,1,1,8,14,5,3,0.53,19,high
5,2,3,7,22,5,3,0.63,16,high
2,1,1,10,12,2,5,0.33,15,high
3,5,1,7,18,2,6,0.48,10,high
4,4,4,7,12,5,5,0.12,11,high
1,2,5,11,19,2,2,0.51,7,high
3,5,3,10,16,4,5,0.42,3,high
5,5,1,11,21,2,5,0.81,18,high
2,3,5,10,14,4,5,0.68,10,high
4,1,1,15,16,3,6,0.62,19,high
3,5,1,13,25,3,4,0.76,19,high
5,3,2,6,13,2,5,0.29,4,high
3,5,3,15,16,4,5,0.66,7,high
1,4,5,15,18,3,6,0.58,11,high
5,2,2,7,13,2,4,0.31,17,high
3,2,3,15,23,2,2,0.77,20,high
2,5,1,11,24,3,6,0.28,15,high
5,1,2,8,13,5,2,0.82,6,high
1,1,3,10,25,5,3,0.62,12,high
5,1,4,14,11,4,6,0.2,12,high
4,1,3,7,12,3,3,0.48,18,high
3,4,2,10,15,4,3,0.41,17,high
3,2,4,14,24,2,6,0.04,17,high
4,1,4,15,11,3,6,0.36,14,high
3,5,1,12,19,3,3,0.25,9,high
3,4,5,7,10,5,4,0.89,5,high
1,1,2,8,19,4,5,0.5,17,high
4,5,4,12,20,5,4,0.52,4,high
4,2,3,6,25,3,5,0.39,12,high
2,5,3,6,14,4,4,0.44,5,high
2,3,2,7,24,4,4,0.22,3,high
5,2,5,7,21,5,5,0.38,7,high
4,2,3,7,22,5,5,0.52,3,high
5,1,2,6,23,4,2,0.81,4,high
4,1,4,14,24,2,3,0.94,10,high
1,3,2,5,16,4,5,0.52,15,high
1,1,5,9,11,5,5,0.94,7,high
2,2,2,10,20,3,2,0.62,15,high
2,3,5,15,25,2,5,0.09,8,high
2,3,2,9,21,2,4,0.13,6,high
1,3,5,11,25,5,2,0.72,9,high
2,3,2,11,23,3,6,0.74,19,high
2,3,3,12,24,4,5,0.25,19,high
3,5,1,8,16,5,3,0.52,16,high
1,3,1,6,24,2,2,0.19,14,high
5,5,4,5,20,2,3,0.84,15,high
1,2,4,5,10,2,6,0.11,6,high
2,5,4,13,25,4,5,0.49,19,high
3,2,5,11,20,4,5,0.7,17,high
1,4,5,12,18,5,4,0.32,8,high
3,5,4,8,11,4,5,0.22,19,high
1,3,5,10,12,5,6,0,8,high
4,3,2,7,12,4,3,0.73,16,high
3,5,2,10,13,5,3,0.59,9,high
4,5,2,5,21,3,3,0.51,11,high
3,1,5,9,12,3,5,0.21,11,high
5,3,3,8,21,3,5,0.94,13,high
5,5,5,11,18,4,2,0.62,12,high
3,1,4,14,21,2,6,0.41,14,high
3,1,2,5,14,5,2,0.93,17,high
5,5,4,15,15,4,2,0.77,10,high
5,3,4,12,22,3,3,0.39,18,high
5,2,3,7,12,4,2,0.23,9,high
5,1,1,7,24,2,6,0.97,16,high
4,5,1,14,24,5,2,0.92,5,high
3,5,2,12,23,3,2,0.58,12,high
5,2,3,15,15,3,2,0.58,8,high
5,2,1,13,17,5,3,0.87,6,high
4,2,3,12,22,4,4,0.01,12,high
3,2,2,10,19,3,2,0.5,8,high
4,4,1,14,22,5,5,0.37,13,high
4,4,2,14,18,3,5,0.91,7,high
5,3,5,14,20,3,3,0.3,10,high
3,5,1,11,19,5,4,0.16,15,high
2,3,3,5,19,5,5,0.94,8,high
3,2,1,9,13,4,4,0.09,19,high
1,4,1,9,21,5,3,0.22,18,high
2,2,5,6,14,4,2,0.4,3,high
3,2,4,6,19,3,3,0.56,16,high
2,5,3,10,11,4,5,0.37,4,high
4,2,4,7,13,4,4,0.22,6,high
4,1,2,12,24,2,2,0.16,14,high
2,4,3,7,10,3,2,0.41,13,high
4,4,1,14,20,2,4,0.18,7,high
5,3,1,15,17,3,3,0.95,3,high
3,2,3,13,11,2,2,0.62,11,high
5,1,2,12,23,3,2,0.86,9,high
1,5,5,9,21,2,6,0.97,17,high
1,4,2,14,25,3,6,0.97,17,high
1,3,4,10,10,3,2,0.46,13,high
1,1,2,13,11,2,6,0.77,9,high
1,4,1,11,17,4,3,0.99,8,high
1,2,2,12,19,5,6,1,10,high
1,3,4,12,22,5,2,0.27,3,high
1,5,2,11,22,4,5,0.25,15,high
5,2,2,10,21,4,5,0.97,18,high
4,1,3,8,11,5,3,0.45,16,high
3,4,5,6,16,2,4,0,3,high
4,4,3,9,10,3,6,0.96,18,high
5,4,1,14,20,3,6,0.96,7,high
1,2,2,13,19,2,3,0.14,7,high
4,1,5,11,19,4,5,0.84,20,high
1,2,5,8,22,3,4,0.95,10,high
5,1,4,9,20,5,2,0.14,7,high
4,5,1,8,12,5,4,0.24,13,high
3,1,4,5,24,5,6,0.72,9,high
2,3,1,5,17,3,5,0.68,11,high
4,1,5,9,22,2,2,0.69,18,high
4,3,5,13,19,5,2,0.55,9,high
3,2,2,9,18,4,5,0.21,14,high
5,5,5,13,14,5,5,0.66,20,high
4,2,2,10,22,5,3,0.55,6,high
5,1,5,15,23,4,6,0.4,14,high
2,5,4,15,24,5,4,0.24,17,high
5,1,3,9,10,3,2,0.43,10,high
3,3,5,14,24,4,4,0.49,7,high
2,1,1,7,14,2,4,0.41,15,high
1,5,3,15,24,3,2,0.41,13,high
1,1,4,6,19,4,3,0.89,10,high
1,3,3,9,23,5,5,0.07,19,high
3,1,4,11,23,5,2,0.48,12,high
3,2,3,5,24,3,4,0.14,20,high
1,1,2,6,13,2,4,0.85,4,high
5,3,5,12,23,5,6,0.82,13,high
3,2,2,8,16,2,5,0.99,17,high
2,5,4,7,16,2,4,0.69,5,medium
2,1,4,9,22,2,4,0.19,15,medium
4,1,5,12,15,5,3,0.35,5,medium
4,1,5,11,11,2,6,0.54,14,medium
5,3,5,11,11,5,4,0.47,19,medium
2,4,4,5,14,4,3,0.82,6,medium
1,3,1,10,11,5,3,0.7,10,medium
4,2,1,10,21,3,3,0.16,11,medium
1,4,3,5,10,3,5,0.2,13,medium
4,1,3,12,15,5,5,0.73,19,medium
1,1,3,12,18,2,2,0,13,medium
5,5,2,11,21,2,2,0.11,8,medium
2,5,2,10,11,2,6,0.23,13,medium
4,5,2,10,11,2,5,0.51,18,medium
2,2,4,14,20,2,5,0.46,15,medium
3,1,2,13,25,4,2,0.34,10,medium
3,3,4,14,25,4,4,0.78,20,medium
1,1,5,11,14,3,5,0.13,12,medium
3,5,4,13,16,3,3,0.48,3,medium
1,3,1,15,19,2,3,0.61,13,medium
1,4,3,12,17,2,3,0.16,16,medium
3,4,1,13,24,5,2,0.49,3,medium
5,2,1,14,25,3,4,0.36,18,medium
1,2,4,8,20,2,6,0.06,6,medium
2,1,5,14,10,2,3,0.78,12,medium
4,4,1,7,24,3,4,0.72,20,medium
2,1,4,9,15,4,6,0.02,15,medium
5,2,1,14,18,2,2,0.31,6,medium
1,5,3,15,24,5,3,0.57,13,medium
1,4,2,13,10,4,2,0.46,12,medium
1,3,2,11,24,2,2,0.55,17,medium
5,2,2,7,11,4,6,0.15,14,medium
2,1,2,6,19,3,3,0.72,19,medium
4,4,1,14,10,3,5,0.88,3,medium
1,3,2,10,19,4,6,0.2,7,medium
1,3,1,12,15,5,2,0.5,15,medium
1,4,2,7,10,2,4,0.15,3,medium
1,4,1,14,17,4,4,0.46,3,medium
2,1,3,9,24,4,4,0.79,15,medium
1,1,5,10,10,5,6,0.4,20,medium
1,2,3,10,19,2,3,0.89,5,medium
3,1,1,11,10,2,2,0.64,20,medium
4,5,2,12,14,2,5,0.43,4,medium
5,5,1,7,13,3,4,0.24,14,medium
5,1,5,5,11,4,2,0.73,10,medium
4,1,1,11,11,2,4,0.58,15,medium
1,2,1,9,15,2,4,0.97,17,medium
5,4,3,12,25,2,6,0.98,10,medium
5,4,1,6,11,3,4,0.03,12,medium
2,4,4,14,22,3,2,0.02,4,medium
5,2,2,5,19,5,5,0.45,3,medium
4,2,5,8,23,3,2,0.67,10,medium
2,1,4,14,25,3,4,0.3,18,medium
3,5,1,14,21,2,4,0.96,3,medium
4,4,3,6,12,3,3,0.15,16,medium
1,4,2,6,16,4,4,0.72,14,medium
5,1,5,13,18,5,2,0.63,17,medium
3,5,3,11,16,4,6,0.56,13,medium
1,2,3,13,24,2,4,0.5,18,medium
4,4,1,12,12,4,2,0.09,6,medium
2,2,4,12,20,5,6,0.01,3,medium
3,1,4,14,19,4,5,0.12,16,medium
2,5,2,9,19,5,4,0.43,3,medium
2,4,4,5,14,3,5,0.81,12,medium
3,1,2,12,16,5,4,0.67,13,medium
5,2,3,15,16,2,2,0.27,16,medium
3,4,4,12,18,5,2,0.02,11,medium
4,2,2,6,20,3,4,0.34,4,medium
5,5,5,14,17,4,3,0.46,17,medium
2,1,5,6,13,4,5,0.3,16,medium
4,4,5,11,17,4,4,0.17,18,medium
1,2,3,13,25,3,3,0.9,13,medium
1,1,5,14,21,5,3,0.12,7,medium
5,3,5,10,23,3,2,0.05,7,medium
3,5,5,7,19,5,6,0.45,5,medium
5,5,5,11,14,2,2,0.9,7,medium
4,1,1,5,17,2,2,0.35,10,medium
2,4,1,9,18,5,5,0.73,7,medium
3,3,1,9,25,5,3,0.54,20,medium
3,1,1,13,22,4,2,0.48,18,medium
3,4,1,11,16,4,5,0.26,16,medium
3,5,2,11,10,3,2,0.32,7,medium
1,2,4,5,10,5,4,0.28,15,medium
5,4,5,5,15,4,2,0.97,20,medium
4,2,3,5,11,3,2,0.09,7,medium
1,3,3,7,22,3,4,0.49,19,medium
4,4,1,5,24,2,6,0.49,3,medium
5,1,4,11,11,2,3,0.73,12,medium
4,1,4,5,18,4,6,0.38,9,medium
1,2,4,10,15,4,2,0.05,13,medium
4,4,1,7,10,4,6,0.27,8,medium
3,4,4,5,20,2,3,0.88,10,medium
5,1,2,8,15,2,5,1,11,medium
5,1,3,14,12,4,4,0.05,4,medium
2,4,3,8,19,5,2,0.27,15,medium
2,2,3,7,23,4,6,0.79,10,medium
1,2,1,8,25,4,6,0.44,18,medium
4,2,3,5,22,3,5,0.69,16,medium
5,2,4,15,18,2,3,0.38,17,medium
1,5,2,9,20,3,3,0.87,12,medium
1,5,5,5,23,2,4,0.55,5,medium
5,4,1,6,25,4,5,0.76,19,medium
4,2,3,6,23,5,5,0.09,10,medium
3,4,2,8,11,3,5,0.1,12,medium
2,5,4,15,20,4,2,0.8,4,medium
5,5,3,10,18,2,6,0.2,15,medium
2,5,5,5,20,5,6,0.62,19,medium
5,1,5,13,12,2,6,0.35,14,medium
1,2,3,6,15,5,2,0.89,11,medium
1,2,2,11,17,2,4,0.83,19,medium
5,4,2,7,17,3,4,0.43,20,medium
5,2,2,8,11,2,6,0.77,10,medium
2,2,1,6,17,5,5,0.91,15,medium
4,1,3,13,25,3,6,0.62,6,medium
5,5,5,14,13,2,5,0.86,20,medium
2,2,5,6,23,3,4,0.47,4,medium
2,4,3,12,25,2,5,0.2,17,medium
1,4,1,5,12,3,5,0.98,14,medium
4,3,4,7,21,3,5,0.27,12,medium
1,1,5,15,25,5,6,0.73,9,medium
2,5,2,5,11,2,2,0.32,19,medium
2,5,3,14,19,4,2,0.81,4,medium
5,2,5,7,21,4,5,0.93,16,medium
1,3,4,10,24,2,2,0.29,18,medium
4,1,2,8,14,4,5,0.52,3,medium
2,5,5,15,25,2,2,0.1,14,medium
3,2,1,15,16,3,2,0.89,4,medium
1,1,3,15,15,4,4,0.19,17,medium
3,4,3,8,20,5,5,0.25,7,medium
3,2,2,10,13,3,3,0.6,4,medium
4,4,2,8,22,4,4,0.12,18,medium
2,4,1,15,22,4,4,0.17,5,medium
2,1,1,15,18,5,5,0.75,13,medium
1,5,4,15,10,5,2,0.47,6,medium
1,5,2,15,25,3,6,0.11,7,medium
5,5,3,15,14,3,5,0.75,12,medium
1,1,3,12,10,4,2,0.08,14,medium
2,2,1,9,22,2,2,0.37,6,medium
4,5,2,5,11,3,4,0.13,13,medium
3,4,1,6,21,5,5,0.07,19,medium
5,5,5,15,23,5,6,0.12,20,medium
1,2,2,11,18,2,6,0.76,9,medium
4,1,4,12,21,4,3,0.82,9,medium
2,3,3,14,14,2,4,0.99,14,medium
3,5,4,10,23,2,2,0.96,6,medium
1,4,1,12,17,3,6,0.02,12,medium
1,3,2,11,22,4,3,0.64,13,medium
1,2,4,6,21,5,3,0.98,11,medium
5,4,2,13,23,4,3,0.03,13,medium
2,2,5,7,24,3,4,0.95,17,medium
4,2,2,15,10,4,2,0.96,5,medium
2,3,1,9,22,4,2,0.61,11,medium
1,3,1,12,20,4,3,0.48,19,medium
5,2,5,6,12,2,3,0.25,13,medium
2,1,5,12,14,5,2,0.43,12,medium
4,3,3,9,21,5,3,0.43,19,medium
1,2,3,8,19,5,4,0.25,14,medium
3,4,3,6,14,3,5,0.11,12,medium
4,5,3,10,10,5,6,0.41,18,medium
3,3,2,12,13,4,6,0.06,5,medium
5,5,4,13,13,2,6,0.66,18,medium
2,2,5,13,15,2,2,0.97,4,medium
1,5,5,7,10,3,3,0.63,13,medium
4,3,3,9,13,4,2,0.79,19,medium
4,1,5,5,25,3,5,0.1,19,medium
2,3,2,14,14,5,2,0.42,10,medium
1,3,3,9,24,3,3,0.34,3,medium
1,1,3,14,17,2,5,0.8,14,medium
3,3,2,5,18,4,5,0.11,8,medium
2,5,1,15,10,4,5,0.45,8,medium
3,2,2,15,13,4,4,0.33,15,medium
3,4,4,5,15,2,3,0.64,11,medium
5,1,2,10,24,5,5,0.49,4,medium
1,3,5,5,21,3,5,0.35,20,medium
4,2,3,8,20,4,3,0.77,8,medium
4,1,2,10,23,3,5,0.85,13,medium
3,3,4,15,16,4,3,0,16,medium
3,3,3,7,16,3,5,0.23,17,medium
2,4,3,8,16,3,6,0.71,3,medium
3,4,2,7,23,4,6,1,19,medium
5,1,4,15,23,3,5,0.9,6,medium
4,4,3,6,15,4,6,0.66,11,medium
5,2,1,10,16,2,5,0.23,13,medium
4,1,3,6,15,5,3,0.2,10,medium
4,1,1,13,12,2,3,0.7,17,medium
3,4,5,15,21,2,2,0.23,18,medium
3,3,5,6,10,2,4,0.93,8,medium
3,1,2,13,20,5,5,0.76,17,medium
3,4,2,8,18,3,2,0.52,6,medium
1,4,2,8,16,3,3,0.97,8,medium
1,1,2,14,14,2,3,0.83,9,medium
1,2,2,14,24,3,2,0.37,18,medium
5,4,3,5,13,4,6,0.78,12,medium
5,5,4,12,20,5,4,0.67,18,medium
5,1,3,11,20,4,4,0.08,19,medium
3,2,3,12,20,4,6,0.66,6,medium
1,3,2,12,15,2,3,0.87,12,medium
5,3,4,12,19,4,5,0.18,16,medium
3,2,2,9,12,2,5,0.81,8,medium
5,3,1,10,19,4,5,0.24,5,medium
2,2,3,11,15,2,5,0.28,10,medium
4,2,5,8,10,3,2,0.82,19,medium
1,5,2,12,23,4,2,0.24,8,medium
4,5,4,7,17,4,3,0.49,16,medium
5,5,5,8,18,3,3,0.32,4,medium
5,1,1,12,13,4,5,0.57,19,medium
1,3,2,11,17,5,2,0.41,18,medium
1,3,2,10,11,5,3,0.27,10,medium
2,2,2,8,22,2,3,0.41,3,medium
2,4,2,5,17,3,2,0.13,5,medium
2,2,3,15,17,2,5,0.76,12,medium
3,5,2,11,14,2,3,0.21,11,medium
1,4,5,13,14,5,5,0.21,8,medium
5,3,2,12,25,4,5,0.97,5,medium
1,5,3,13,19,3,2,0.61,4,medium
2,2,2,11,10,4,5,0.87,10,medium
2,2,1,11,25,4,2,0.67,8,medium
5,5,5,7,14,5,3,0.61,10,medium
1,1,5,14,11,5,5,0.12,17,medium
2,3,1,8,14,5,5,0.52,11,medium
3,3,1,15,15,5,4,0.19,6,medium
2,5,1,10,22,5,6,0.34,20,medium
3,3,2,13,22,2,5,0.06,11,medium
1,1,2,11,10,3,5,0.6,8,medium
2,1,3,7,13,2,3,1,15,medium
4,3,3,6,15,5,2,0.16,17,medium
5,2,4,15,14,2,3,0.11,16,medium
1,1,1,10,21,2,2,0.39,3,medium
5,2,1,13,22,2,6,0.72,11,medium
3,1,3,10,10,5,4,0.04,6,medium
3,1,4,11,16,2,2,0.17,14,medium
1,4,3,7,22,3,5,0.69,14,medium
4,2,3,15,18,4,4,0.48,16,medium
4,1,4,11,14,2,2,0.8,3,medium
5,3,1,6,11,5,3,0.5,5,medium
2,5,2,11,12,2,6,0.41,15,medium
4,3,3,13,25,4,5,0.94,19,medium
1,1,5,8,16,4,3,1,16,medium
3,5,2,14,22,5,3,0.06,20,medium
4,2,2,13,18,2,3,0.11,9,medium
3,1,2,15,12,3,5,0.28,20,medium
2,1,5,10,12,4,5,0.47,19,medium
5,1,4,9,15,2,4,0.25,20,medium
3,4,2,9,11,3,4,0.8,20,medium
3,1,2,10,21,5,2,0.62,15,medium
3,2,4,5,15,2,5,0.26,15,medium
4,3,5,8,19,2,2,1,6,medium
2,1,5,9,22,4,5,0.75,9,medium
2,5,2,10,24,4,4,0.2,10,medium
3,2,3,9,23,5,4,0.55,18,medium
2,3,1,5,25,3,3,0.47,4,medium
2,1,1,9,18,2,6,0.12,10,medium
1,4,1,12,23,4,2,0.61,11,medium
4,5,1,8,10,3,2,0.5,18,medium
3,2,1,9,23,4,2,0.69,17,medium
3,1,2,6,24,3,2,0.73,6,medium
5,1,2,10,25,2,2,0.17,16,medium
1,2,5,10,11,4,6,0.98,11,medium
2,3,1,15,10,5,3,0.97,9,medium
4,2,3,8,20,2,6,0.83,11,medium
3,1,4,11,18,4,3,0.61,13,medium
2,2,3,6,12,2,5,0.86,10,medium
1,5,1,13,14,5,5,0.73,3,medium
3,4,2,8,17,4,5,0.1,6,medium
4,4,2,6,22,5,6,0,7,medium
4,3,3,13,14,5,2,0.98,13,medium
3,1,2,6,20,3,3,0.63,12,medium
4,3,3,13,20,2,3,0.77,7,medium
5,5,2,7,20,3,6,0.88,17,medium
3,1,2,15,11,2,5,0.63,20,medium
1,4,2,8,18,3,2,0.79,20,medium
2,1,1,10,11,5,6,0.82,8,medium
4,3,3,7,10,2,4,0.75,18,medium
2,5,5,5,18,4,2,0.88,15,medium
4,2,2,12,17,5,2,0.93,6,medium
1,3,1,7,19,4,3,0.38,4,medium
4,2,1,15,25,2,5,0.91,4,medium
4,1,4,9,19,3,2,0.61,15,medium
2,2,5,6,10,2,5,0.24,7,medium
2,1,4,7,13,4,5,0.07,6,medium
3,3,3,15,17,5,4,0.08,9,medium
3,5,5,9,23,5,4,0.32,4,medium
4,4,1,14,21,2,2,0.25,16,medium
1,2,5,9,24,3,2,0.91,19,medium
1,5,5,11,20,2,4,0.68,13,medium
1,4,2,7,21,5,4,0.17,4,medium
5,5,1,9,10,5,2,0.83,13,medium
3,5,5,9,10,5,6,0.93,12,medium
4,1,4,15,11,2,5,0.38,6,medium
2,2,4,8,23,5,3,0.5,16,medium
4,3,1,12,21,3,4,0.11,6,medium
2,5,2,14,25,5,2,0.8,4,medium
4,3,5,6,24,4,4,0.4,11,medium
5,1,2,5,24,2,6,0.96,6,medium
1,5,1,14,22,5,2,0.52,5,medium
4,4,1,10,18,5,4,0.15,9,medium
2,4,4,13,10,3,5,0.32,8,medium
5,5,1,6,17,3,2,0.48,13,medium
4,2,5,13,12,5,3,0.87,3,medium
2,3,2,9,25,2,4,0.87,19,medium
1,5,4,5,10,2,2,0.26,7,medium
4,4,2,6,13,5,6,0.86,9,medium
2,1,1,13,13,3,5,0.2,7,medium
1,1,2,5,15,2,5,0.86,14,medium
1,5,1,14,11,3,5,0.59,15,medium
3,3,1,8,15,4,2,0.2,17,medium
2,1,5,8,24,5,3,0.36,18,medium
4,4,4,6,25,5,3,0.09,14,medium
1,1,2,6,17,2,3,0.54,20,medium
1,3,2,15,18,2,5,0.21,3,medium
4,3,3,9,19,3,2,0.29,11,medium
2,1,5,15,11,3,3,0.41,3,medium
3,5,2,9,15,3,3,0.08,4,medium
3,2,3,12,17,5,4,0.22,11,medium
4,3,4,11,25,4,3,0.05,12,medium
1,4,1,13,20,5,2,0.38,12,medium
4,5,1,5,14,2,6,0.73,8,medium
1,1,1,14,19,3,6,0.27,8,medium
5,4,5,5,21,2,6,0.22,4,medium
3,2,5,7,19,3,3,0.69,14,medium
1,3,2,15,19,5,6,0.15,13,medium
1,1,4,9,18,5,6,0.21,15,medium
5,4,3,14,13,2,3,0.81,10,medium
3,5,4,7,25,5,2,0.89,8,medium
4,3,4,15,21,5,2,0.34,19,medium
2,4,5,10,13,5,5,0.74,9,medium
4,2,1,11,21,2,5,0.3,18,medium
2,4,2,13,17,4,5,0.4,15,medium
1,1,5,8,19,2,6,0.11,17,medium
1,5,3,13,22,5,6,0.8,7,medium
4,1,5,12,18,3,5,0.56,10,medium
5,3,2,10,16,5,3,0.76,5,medium
3,4,4,7,15,5,2,0.58,3,medium
3,2,5,5,19,2,3,0.13,20,medium
2,4,5,8,25,3,6,0.71,6,medium
1,2,2,5,15,3,6,0.12,7,medium
5,2,5,14,10,2,3,0.18,9,medium
2,1,5,13,17,4,6,0.03,9,medium
4,1,1,10,12,2,6,0.75,9,medium
1,1,3,14,14,4,3,0.48,7,medium
2,4,3,11,16,5,4,0.04,3,medium
4,4,4,15,20,4,4,0.04,18,medium
5,4,3,10,21,4,2,0.87,3,medium
3,5,5,8,15,2,5,0.9,8,medium
3,1,2,12,17,5,6,0.07,10,medium
2,3,2,7,16,5,6,0.77,7,medium
5,4,1,5,25,5,4,0.69,7,medium
3,1,1,8,15,4,3,0.4,13,medium
5,5,4,8,11,4,2,0.06,13,medium
2,4,4,7,24,2,5,0.49,7,medium
4,4,4,9,11,5,2,0.33,16,medium
2,2,1,7,10,5,5,0.33,16,medium
1,5,5,8,21,2,3,0.13,14,medium
4,1,2,12,11,2,4,0.18,5,medium
4,1,5,15,10,3,6,0.98,14,medium
4,2,1,11,15,5,2,0.01,11,medium
1,1,3,6,15,3,4,0.45,20,medium
4,5,3,12,16,4,2,0.38,13,medium
4,3,3,13,18,2,4,0.83,15,medium
1,4,1,6,15,2,2,0.84,11,medium
2,2,3,9,11,3,2,0.37,16,medium
2,1,5,8,22,5,4,0.61,12,medium
5,5,4,13,22,5,4,0.51,4,medium
1,3,3,11,11,5,5,0.4,17,medium
3,4,1,10,16,5,5,0.38,15,medium
4,2,3,7,12,2,3,0.28,5,medium
2,3,5,15,18,3,4,0.81,8,medium
5,4,1,13,24,5,6,0.55,9,medium
4,3,3,8,12,4,4,0.11,14,medium
4,3,5,10,20,5,4,0.5,20,medium
2,3,4,15,24,4,2,0.71,15,medium
4,3,3,13,13,3,4,0.35,6,medium
1,1,2,6,15,5,2,0.45,20,medium
3,2,3,11,10,5,3,0.51,16,medium
2,3,2,11,10,3,5,0.77,14,medium
4,5,1,15,11,3,2,0.52,15,medium
5,4,2,8,20,5,6,0.01,4,medium
3,2,5,12,16,2,5,0.96,9,medium
2,1,4,9,20,2,5,0.63,18,medium
1,2,3,5,16,2,4,0.31,15,medium
3,1,2,9,14,3,3,0.05,6,medium
4,4,4,13,14,4,6,0.25,16,medium
5,2,5,10,15,4,3,0.3,17,medium
2,1,4,11,23,2,3,0.35,11,medium
2,1,3,13,16,5,3,0.46,13,medium
2,5,4,7,15,3,6,0.36,7,medium
2,2,1,7,19,4,5,0.74,10,medium
4,5,5,11,14,5,3,0.29,6,medium
4,3,3,7,24,2,6,0.07,7,medium
3,5,3,7,13,2,4,0.8,14,medium
1,5,4,12,14,3,3,0.97,5,medium
1,4,5,9,22,5,3,0.36,20,medium
4,3,3,5,10,3,3,0.59,14,medium
4,5,4,7,24,5,4,0.55,6,medium
1,4,5,8,23,4,3,0.47,7,medium
5,3,3,11,10,2,2,0.14,14,medium
5,5,2,7,19,3,2,0.85,19,medium
1,3,5,5,24,5,3,0.11,20,medium
2,5,5,14,23,2,3,0.42,19,medium
5,1,2,10,21,4,5,0.2,8,medium
4,3,1,10,13,4,4,0.29,19,medium
2,4,5,5,20,3,3,0.73,17,medium
4,1,2,15,14,5,5,0.59,19,medium
2,5,3,6,18,5,3,0.59,14,medium
5,5,2,14,14,3,6,0.84,6,medium
1,3,1,15,10,2,3,0.99,20,medium
1,3,1,8,10,5,2,0.53,20,medium
3,2,1,8,22,5,5,0.52,12,medium
5,1,5,10,25,4,4,0.68,15,medium
2,5,4,15,24,2,3,0.19,13,medium
2,5,1,10,12,4,5,0.5,10,medium
4,1,5,13,12,4,2,0.94,13,medium
3,3,2,5,20,2,5,0.95,11,medium
1,1,5,15,13,5,2,0.13,12,medium
4,3,2,11,22,2,5,0.84,5,medium
1,4,1,15,13,2,3,0.6,19,medium
1,3,2,5,19,4,2,0.93,4,medium
3,2,3,5,10,3,6,0.85,14,medium
4,3,3,15,25,5,4,0.79,20,medium
5,1,1,9,18,5,5,0.9,4,medium
2,5,1,6,21,3,6,0.22,11,medium
1,5,1,10,14,4,5,0.87,19,medium
5,2,4,6,14,5,3,0.42,4,medium
4,5,2,5,14,3,4,0.89,15,medium
4,3,1,8,20,4,2,0.4,5,medium
1,1,3,6,16,5,4,0.4,15,medium
1,5,1,15,10,3,2,0.89,18,medium
4,3,5,9,23,3,4,0.69,15,medium
5,2,4,5,17,4,2,0.91,19,medium
2,5,2,9,10,4,5,0.47,15,medium
4,1,1,14,21,4,3,0.2,18,medium
3,3,1,7,25,2,2,0.14,8,medium
2,5,5,12,10,4,3,0.97,15,medium
2,1,4,7,21,5,5,0.69,8,medium
1,4,3,8,17,2,5,0.81,6,medium
4,1,4,7,11,4,5,0.03,4,medium
2,1,1,11,12,3,6,0.85,4,medium
1,4,4,12,11,4,3,0.4,12,medium
4,1,2,7,21,5,2,0.28,6,medium
3,5,3,13,20,4,6,0.8,18,medium
1,4,4,9,24,2,4,0.12,12,medium
2,2,2,15,21,4,4,0.24,20,medium
5,4,3,13,11,4,6,0.56,13,medium
1,2,4,9,13,3,6,0.66,13,medium
5,5,4,14,19,3,5,0.27,6,medium
3,3,2,7,10,3,5,0.89,17,medium
3,5,4,15,19,5,2,0.93,3,medium
2,1,4,8,18,3,6,0.33,19,medium
5,2,5,14,12,3,5,0.36,14,medium
3,2,1,14,24,5,5,0.04,13,medium
1,5,5,5,19,4,3,0.2,5,medium
2,3,5,13,12,2,2,0.99,9,medium
4,2,2,6,25,5,3,0.06,7,medium
2,4,5,8,14,5,5,0.54,15,medium
3,2,4,6,18,5,5,0.88,15,medium
1,5,2,15,22,4,3,0.41,16,medium
5,2,1,11,21,4,6,0.23,15,medium
1,2,3,11,16,2,4,0.87,17,medium
4,2,3,7,13,5,6,0.46,15,medium
1,3,2,7,21,3,3,1,19,medium
5,5,3,12,17,4,6,0.16,11,medium
2,5,4,13,25,5,5,0.51,12,medium
5,2,4,7,25,4,6,0.03,19,medium
4,5,3,12,17,4,2,0.21,8,medium
5,2,3,10,14,4,2,0.28,9,medium
4,3,1,12,20,5,6,0.44,5,medium
1,1,2,9,20,2,4,0.69,10,medium
1,4,1,14,23,5,2,0.93,20,medium
5,3,5,9,21,4,6,0.85,18,medium
2,3,1,13,24,5,6,0.42,19,medium
3,1,2,8,25,2,5,0.68,19,medium
2,4,2,9,19,4,6,0.8,11,medium
1,5,1,8,17,5,5,0.3,14,medium
3,4,2,5,11,2,4,0.18,8,medium
2,3,4,8,16,3,5,0.55,4,medium
5,1,2,10,13,5,6,0.01,15,medium
2,2,2,9,19,4,5,0.97,17,medium
1,2,3,6,16,2,5,0.06,17,medium
4,4,5,15,18,2,2,0.74,3,medium
4,5,5,12,21,5,2,0.44,17,medium
1,1,4,9,15,3,2,0.03,16,medium
1,3,4,9,25,3,4,0.09,11,medium
1,2,2,12,24,5,5,0.88,11,medium
1,3,1,12,10,3,4,0.83,17,medium
2,5,2,7,18,4,4,0.2,11,medium
5,2,1,15,23,3,5,0.29,3,medium
3,5,4,5,23,3,5,0.45,10,medium
2,5,2,8,12,2,3,0.04,13,medium
4,2,5,11,13,4,3,0.37,3,medium
4,3,4,15,17,3,2,0.04,8,medium
4,3,2,7,18,2,2,0.72,11,medium
3,4,5,9,14,5,5,0.94,10,medium
5,4,1,12,15,5,5,0.54,12,medium
5,4,5,9,23,2,6,0.42,3,medium
1,5,1,15,25,4,4,0.13,10,medium
3,3,5,8,15,4,5,0.11,13,medium
4,3,1,14,15,5,6,0.83,12,medium
5,3,2,13,10,2,6,0.54,14,medium
1,4,2,6,22,2,5,0.52,7,medium
3,3,4,6,18,5,4,0.35,6,medium
2,5,3,11,11,5,2,0.29,8,medium
2,1,4,15,22,4,3,0.16,12,medium
5,1,2,12,25,4,6,0.15,20,medium
1,2,4,14,16,3,5,0.83,13,medium
5,2,4,6,12,4,5,0.29,13,medium
5,1,3,7,25,4,2,0.57,3,medium
2,4,1,5,20,2,5,0.9,8,medium
4,4,2,15,16,5,2,0.19,8,medium
5,3,3,5,22,4,2,0.25,15,medium
4,4,4,8,13,3,3,0.32,14,medium
1,1,4,5,11,3,3,0.1,10,medium
1,1,1,9,20,2,5,0.6,18,medium
1,1,1,10,17,3,6,0.09,5,medium
3,3,2,13,20,4,2,0.04,13,medium
2,2,4,6,14,2,4,0.81,8,medium
5,1,5,11,10,4,2,0.04,13,medium
3,1,4,8,11,2,4,0.72,10,medium
4,2,2,8,10,3,3,0.56,19,medium
3,3,3,7,24,2,6,0.14,18,medium
1,3,2,7,24,2,3,0.53,15,medium
2,4,3,6,24,2,6,0.09,7,medium
5,4,4,7,14,4,4,0.63,3,medium
4,3,4,5,22,5,2,0.83,3,medium
4,1,4,14,11,3,4,0.26,16,medium
3,4,4,8,14,5,4,0.27,8,medium
5,5,4,9,13,4,3,0.62,7,medium
3,1,3,10,11,4,5,0.12,4,medium
4,2,5,5,23,4,3,0.26,20,medium
5,4,2,11,25,4,5,0.48,3,medium
4,2,3,12,15,5,3,0.45,16,medium
5,4,2,13,23,5,6,0.79,12,medium
1,4,3,15,12,3,4,0.35,6,medium
5,3,5,14,12,4,6,0.08,18,medium
3,5,5,15,14,5,4,0.18,5,medium
4,1,5,14,12,2,3,0.74,3,medium
5,1,3,7,24,4,2,0.6,7,medium
3,2,1,7,24,4,2,0.56,15,medium
2,5,5,8,16,3,3,0.8,13,medium
1,2,3,6,23,4,6,0.07,10,medium
3,3,5,15,17,4,2,0.2,8,medium
2,5,3,5,23,2,4,0.9,13,medium
3,4,2,11,14,3,4,0.89,19,medium
1,1,3,11,10,2,6,0.48,14,medium
3,1,5,5,25,4,4,0.36,20,medium
4,2,1,12,18,5,6,0.79,3,medium
2,5,3,15,11,5,5,0.15,3,medium
2,1,4,11,15,5,2,0.27,19,medium
4,3,4,13,24,2,5,0.08,9,medium
1,1,1,13,20,3,3,0.73,9,medium
2,3,4,13,15,2,5,0.48,12,medium
3,4,4,5,24,4,3,0.92,19,medium
2,4,2,6,14,2,2,0.49,5,medium
5,1,1,10,15,4,6,0.05,19,medium
5,5,1,15,19,2,4,0.06,6,medium
2,2,1,11,17,5,3,0.71,18,medium
2,2,1,10,10,3,6,0.61,19,medium
3,5,3,5,16,5,4,0.22,9,medium
3,4,1,7,18,4,6,0.58,19,medium
3,2,4,8,16,3,6,0.3,6,medium
1,3,1,6,24,5,4,0.82,20,medium
5,5,1,15,11,2,3,0.28,9,medium
5,1,2,8,13,5,2,0.51,10,medium
3,1,2,6,15,5,6,0.32,18,medium
2,4,3,8,20,3,4,0.41,14,medium
3,3,1,8,24,4,6,0.32,10,medium
2,1,1,7,23,5,4,0.73,10,medium
3,2,5,7,17,2,6,0.15,3,medium
5,1,3,8,16,3,4,0.02,4,medium
1,1,4,15,14,3,3,0.99,16,medium
4,1,1,7,25,4,2,0.14,15,medium
1,1,4,15,16,4,5,0.67,13,medium
4,3,4,12,14,2,2,0.69,10,medium
5,3,4,13,20,2,4,0.27,13,medium
5,5,2,5,19,5,5,0.52,11,medium
5,1,5,5,18,2,2,0.55,8,medium
2,5,4,5,12,3,5,0,13,medium
1,4,4,14,24,3,3,0.75,20,medium
2,3,5,10,21,3,4,0.41,6,medium
5,2,4,15,19,2,2,0.43,17,medium
4,3,4,7,14,4,4,0.22,20,medium
5,4,4,10,23,5,5,0.89,17,medium
1,1,2,10,20,2,5,0.07,11,medium
5,3,5,12,16,3,2,0.94,9,medium
5,3,3,8,20,3,3,0.02,15,medium
3,3,3,8,10,5,3,0.02,9,medium
1,1,3,14,11,5,5,0.15,13,medium
5,1,3,14,21,3,4,0.74,20,medium
4,2,3,5,14,2,4,0.57,17,medium
1,1,1,5,10,5,4,0.2,6,medium
2,5,2,10,24,3,6,0.02,17,medium
4,5,3,11,24,5,6,0.14,15,medium
2,3,5,5,15,5,4,0.3,11,medium
3,5,1,10,25,4,3,0.93,6,medium
1,2,1,15,21,3,4,0.88,14,medium
1,3,4,11,18,5,4,0.58,15,medium
1,4,5,8,14,3,2,0.12,9,medium
4,4,3,13,20,2,6,0.11,14,medium
2,4,1,5,17,4,3,0.22,11,medium
3,2,1,12,11,3,3,0.96,16,medium
4,4,1,11,12,4,2,0.32,7,medium
1,4,2,14,22,2,2,0.96,8,medium
2,4,2,7,22,3,5,0.35,17,medium
5,1,1,6,16,3,5,0.21,20,medium
1,4,5,15,10,2,2,0.05,10,medium
4,4,2,5,20,2,5,0.18,3,medium
4,5,4,13,16,3,5,0.05,5,medium
1,4,1,7,13,5,6,0.85,4,medium
1,2,2,5,10,2,4,0.08,10,medium
4,5,3,6,11,4,3,0.34,20,medium
1,4,1,12,24,5,2,0.93,8,medium
3,1,4,5,23,2,2,0.24,11,medium
5,5,1,10,16,2,3,0.47,3,medium
2,4,1,13,16,3,6,0.26,7,medium
3,1,2,10,15,5,3,0.82,14,medium
1,3,4,10,14,3,2,0.43,20,medium
1,5,1,11,17,5,5,0.56,5,medium
2,4,1,11,11,3,4,0.12,13,medium
2,2,2,12,13,3,3,0.71,19,medium
2,1,2,10,10,3,3,0.18,10,medium
5,2,5,13,23,2,5,0.75,3,medium
1,5,2,7,21,4,5,0.22,15,medium
5,1,1,7,12,5,2,0.6,11,medium
3,2,5,13,17,2,3,0.93,18,medium
2,2,3,6,24,3,5,0.87,7,medium
5,2,1,13,23,5,3,0.73,16,medium
4,1,4,5,25,3,3,0.87,9,medium
2,2,5,13,20,2,2,0.77,6,medium
1,1,3,12,22,5,5,0.84,4,medium
1,5,4,7,17,3,3,0.14,4,medium
4,1,2,10,22,3,4,0.14,17,medium
4,5,1,14,12,2,4,0.4,17,medium
5,2,2,9,11,4,4,0.12,12,medium
3,1,2,12,19,2,2,0,20,medium
2,3,3,8,24,5,5,0.73,16,medium
1,3,3,12,16,4,2,0.25,13,medium
5,3,1,9,17,5,2,0.38,16,medium
5,4,4,14,12,5,2,0.31,17,medium
5,4,1,5,23,4,5,0.65,18,medium
5,5,2,12,18,3,6,0.38,12,medium
1,2,5,8,14,4,5,0.39,15,medium
1,2,5,15,15,5,5,0.19,20,medium
3,5,3,15,24,3,4,0.65,13,medium
5,5,4,14,17,5,2,0.48,19,medium
4,4,2,11,20,3,6,0.67,6,medium
2,4,5,14,18,2,3,0.68,20,medium
5,1,5,9,21,2,5,0.78,15,medium
4,3,3,7,20,5,4,0.78,18,medium
4,4,2,6,19,5,2,0,13,medium
2,3,4,11,14,4,4,0.22,11,medium
1,4,3,11,12,4,5,0.2,20,medium
4,4,4,5,17,2,5,0.5,10,medium
5,2,3,13,16,2,4,0.59,10,medium
1,1,1,5,11,4,6,0.06,3,medium
3,4,1,5,19,4,4,0.29,17,medium
3,2,2,14,13,2,4,0.53,12,medium
1,4,4,7,23,5,4,0.53,4,medium
3,2,1,8,16,5,2,0.62,17,medium
3,5,4,9,25,4,2,0.18,3,medium
4,2,1,7,24,3,5,0.51,7,medium
1,1,3,9,19,2,4,0.88,15,medium
2,2,1,9,13,3,3,0.26,18,medium
5,3,5,6,19,2,4,0.16,11,medium
3,2,2,9,21,2,5,0.98,5,medium
2,1,2,12,18,3,4,0.2,9,medium
1,5,1,14,12,3,4,0.87,11,medium
5,3,3,11,23,2,2,0.19,18,medium
3,1,4,12,13,2,5,0.4,17,medium
5,3,1,6,17,2,6,0.9,7,medium
1,5,5,12,15,5,3,0.48,14,medium
5,1,4,5,14,4,4,0.22,8,low
4,2,1,12,13,2,5,0,15,low
1,1,1,11,16,3,6,0.59,9,low
2,2,1,11,13,2,4,0.21,12,low
1,4,2,10,21,4,5,0.8,9,low
5,5,1,15,17,3,3,0.03,6,low
3,5,1,8,19,2,4,0.35,18,low
2,2,2,5,13,4,2,0.05,3,low
2,4,2,14,23,2,3,0.59,5,low
5,4,2,6,12,4,3,0.86,12,low
1,1,2,5,25,5,6,0.97,16,low
5,5,4,14,17,5,6,0.25,15,low
5,1,1,7,11,4,4,0.6,5,low
1,5,4,5,23,5,5,0.37,11,low
4,1,1,7,16,2,2,0.56,14,low
1,3,1,5,16,3,5,0.43,6,low
2,4,4,7,24,5,4,0.17,3,low
1,5,2,5,19,4,6,0.26,11,low
2,4,3,10,20,4,2,0.2,16,low
1,5,2,15,24,2,3,0.99,15,low
1,3,4,7,20,3,4,0.26,6,low
1,5,4,11,16,3,6,0.45,3,low
3,3,2,12,25,4,5,0.51,16,low
2,1,3,15,23,2,4,0.54,4,low
2,1,3,7,11,5,3,0.39,8,low
2,1,3,7,11,2,5,0.14,3,low
5,1,5,5,19,4,3,0.11,9,low
4,2,1,10,25,2,2,0.6,7,low
3,3,5,12,22,2,2,0.33,6,low
4,2,4,14,15,5,2,0.26,3,low
3,4,4,13,18,5,4,0.66,11,low
2,3,2,11,10,5,2,0.4,13,low
1,3,1,10,24,5,4,0.97,11,low
5,2,1,7,19,3,5,0.46,6,low
1,1,3,12,17,4,2,0.99,12,low
2,2,4,14,10,3,5,0.11,8,low
4,3,2,6,11,3,6,0.28,5,low
5,1,5,14,13,3,6,0.18,8,low
5,2,1,10,17,4,5,0.89,16,low
2,2,3,13,20,2,2,0.05,19,low
1,2,5,9,11,5,6,0.36,16,low
2,4,2,10,21,4,4,0.22,12,low
3,3,2,5,10,5,4,0.56,13,low
3,2,3,14,11,2,4,0.62,9,low
1,5,2,15,15,2,4,0.59,12,low
2,4,2,12,13,3,3,0.16,9,low
1,3,1,8,16,3,4,0.93,9,low
1,3,3,8,16,4,5,0.58,14,low
2,4,4,15,21,3,4,0.81,16,low
2,4,4,6,25,2,4,0.19,4,low
5,1,1,15,13,5,5,0.14,17,low
4,1,4,14,23,5,3,0.52,19,low
5,5,4,8,14,2,2,0.47,19,low
4,4,4,6,15,3,6,0.7,12,low
5,5,3,7,15,5,5,0.26,17,low
4,3,4,10,18,3,4,0.95,10,low
5,4,1,7,22,2,4,0.29,17,low
1,1,1,12,11,3,4,0.74,6,low
3,3,4,10,25,4,3,0,9,low
5,1,1,11,19,3,6,0,14,low
1,5,4,12,25,4,4,0.3,6,low
1,1,4,10,14,5,2,0.04,10,low
5,1,3,15,18,4,5,0.67,11,low
1,1,3,11,14,2,3,0.92,3,low
3,5,3,6,19,5,6,0.76,16,low
4,5,4,13,16,4,5,0.81,17,low
2,1,4,13,10,4,6,0.04,19,low
5,1,1,7,11,5,2,0.94,8,low
3,1,5,11,11,5,6,0.49,7,low
5,1,1,9,15,5,4,0.03,17,low
5,3,2,11,14,5,6,0.43,9,low
1,1,5,10,11,5,3,0.83,13,low
4,2,4,7,14,3,3,0.58,3,low
4,5,3,14,20,4,3,0.74,17,low
5,3,1,7,20,2,2,0,10,low
4,3,1,14,19,2,2,0.17,18,low
2,1,1,13,25,3,4,0.05,5,low
1,1,1,13,10,4,5,0.64,9,low
3,1,3,7,19,4,4,0.02,15,low
3,5,2,6,24,2,6,0.3,9,low
2,4,2,12,11,2,6,0.23,11,low
4,5,1,14,23,5,4,0.65,20,low
2,2,3,11,23,2,5,0.18,18,low
1,2,1,15,14,2,2,0.52,12,low
2,5,5,9,25,2,2,0.9,13,low
2,3,2,6,20,4,5,0.93,12,low
4,3,5,7,24,2,6,0.09,3,low
2,4,4,8,24,2,2,0.69,5,low
1,1,3,15,20,4,5,0.44,6,low
2,1,5,6,14,5,4,0.59,5,low
1,3,4,11,20,5,6,0.89,19,low
3,4,2,14,15,3,3,0.36,14,low
3,4,2,13,23,5,4,0.25,16,low
2,5,3,8,15,2,6,0.36,20,low
2,1,1,13,17,2,4,0.48,19,low
3,4,1,7,10,4,5,0.05,14,low
1,2,2,7,24,4,5,0.72,11,low
1,3,2,11,13,3,3,0.01,16,low
5,3,5,9,23,4,4,0.86,4,low
1,2,4,8,15,3,6,0.34,17,low
4,3,2,15,24,2,2,0.14,12,low
1,3,1,8,11,5,5,0.06,10,low
1,1,3,11,10,3,3,0.37,15,low
1,5,3,12,18,4,4,0.08,14,low
1,1,4,8,22,3,2,0.47,7,low
5,4,5,6,15,5,4,0.42,13,low
2,5,3,9,13,3,5,0.36,4,low
3,2,3,10,10,4,5,0.89,4,low
1,5,3,7,13,3,5,0.09,18,low
3,2,4,9,25,3,5,0.61,19,low
3,3,1,13,10,3,4,0.87,17,low
4,1,5,7,12,5,6,0.84,15,low
2,5,4,13,18,3,5,0.8,7,low
4,5,3,10,19,4,4,0.02,11,low
2,3,1,14,24,3,5,0.98,3,low
4,3,2,6,25,3,6,0.64,12,low
1,5,4,11,10,2,4,0.99,19,low
1,1,5,11,16,5,5,0.26,19,low
1,2,2,7,15,2,3,0.17,10,low
3,3,5,5,23,4,3,0.56,17,low
4,5,2,13,23,2,5,0.61,15,low
5,4,1,12,22,2,4,0.62,14,low
3,2,5,8,18,5,5,0.8,17,low
1,5,3,6,23,3,4,0.05,3,low
1,1,4,12,18,3,4,0.7,17,low
2,5,3,5,24,4,2,0.5,13,low
5,4,5,6,13,2,3,0.61,20,low
4,5,1,6,22,2,6,0.04,12,low
2,1,4,6,16,5,3,0.02,12,low
4,3,5,12,24,3,6,0.87,12,low
2,1,2,15,15,3,3,0.72,15,low
1,2,5,12,21,3,4,0.35,20,low
2,2,3,12,12,5,5,0.7,10,low
3,4,1,7,22,4,3,0.51,5,low
1,4,1,5,25,5,2,0.59,11,low
4,1,3,7,15,4,3,0.26,7,low
3,2,5,15,17,4,6,0.06,17,low
5,3,5,11,10,2,5,0.59,15,low
5,1,3,12,14,5,6,0.64,3,low
2,4,2,8,14,5,5,0.76,3,low
5,1,2,14,23,5,5,0.05,10,low
1,1,5,10,18,5,5,0.06,5,low
3,3,1,6,19,4,2,0.13,6,low
3,1,1,12,18,2,3,0.49,8,low
1,1,3,6,11,2,5,0.06,12,low
3,2,2,10,11,2,4,0.32,3,low
1,5,5,5,16,4,4,0.85,11,low
4,1,5,12,17,5,6,0.64,12,low
3,5,5,11,14,5,6,0.25,7,low
1,2,2,12,14,5,6,0.84,15,low
2,5,4,7,16,3,3,0.28,19,low
1,2,4,14,21,5,3,0.3,6,low
3,3,1,14,19,2,2,0.36,18,low
2,2,4,6,12,5,2,0.04,3,low
2,1,1,7,18,3,6,0.15,14,low
2,1,2,12,15,5,5,0.43,17,low
4,5,3,11,21,4,4,0.01,19,low
2,4,4,11,20,4,5,0.7,14,low
4,4,3,14,14,5,2,0.34,6,low
1,3,1,12,18,4,4,0.85,16,low
4,1,2,7,19,2,5,0.19,10,low
2,2,2,9,16,2,2,0.93,8,low
2,5,2,13,12,3,2,0.14,16,low
1,2,5,13,13,3,3,0.42,10,low
4,3,3,8,19,4,6,0.65,18,low
3,3,1,11,15,3,5,0.95,13,low
3,2,5,9,23,4,3,0.83,10,low
4,4,5,9,23,4,2,0.08,6,low
2,4,4,13,22,4,5,0.41,15,low
3,5,2,11,13,2,6,0.64,6,low
2,2,1,5,21,4,4,0.73,19,low
1,1,2,6,22,3,5,0.6,11,low
3,5,3,9,21,2,4,0.28,3,low
1,1,5,5,22,5,4,0.85,19,low
1,5,4,8,12,3,4,0.1,8,low
3,1,2,10,17,2,6,0.91,18,low
2,1,1,14,14,5,3,0.19,9,low
3,3,4,11,10,5,6,0.36,9,low
1,3,2,5,15,3,3,0.29,3,low
3,3,2,9,25,5,2,0.88,3,low
3,3,2,14,15,4,5,0.67,8,low
4,4,1,6,16,4,4,0.27,4,low
2,1,2,8,14,3,6,0.25,6,low
1,3,2,15,23,2,2,0.9,4,low
5,1,2,12,25,5,6,0.51,18,low
3,5,4,8,21,4,3,0.09,15,low
5,4,4,6,10,5,4,0.94,4,low
2,2,4,9,25,4,2,0.3,11,low
4,5,5,5,22,3,3,0.63,17,low
1,4,2,7,18,5,4,0.41,12,low
3,1,2,7,24,5,2,0.88,10,low
1,2,4,10,11,2,3,0.17,5,low
5,1,5,13,12,2,2,0.4,18,low
1,3,1,12,19,4,5,0.71,10,low
2,1,4,6,10,5,3,0.92,19,low
1,1,2,13,10,4,4,0.26,12,low
5,4,5,12,21,2,4,0.93,4,low
1,1,3,10,14,3,2,0,8,low
2,3,3,9,20,2,6,0.19,10,low
5,3,3,5,10,3,6,0.13,9,low
4,3,2,6,22,2,5,0.12,19,low
4,2,2,14,18,5,4,0.66,19,low
3,4,4,14,19,4,3,0.76,14,low
2,1,3,8,23,5,2,0.17,10,low
1,2,4,12,18,4,4,0.98,19,low
2,1,5,6,12,2,4,0.27,6,low
2,5,1,11,21,5,4,0.83,6,low
3,1,2,12,25,5,6,0.23,18,low
2,3,2,15,20,5,5,0.38,20,low
1,4,5,15,20,3,3,0.52,20,low
3,3,1,8,12,5,2,0.14,17,low
5,2,4,6,15,4,2,0.01,12,low
4,1,1,13,19,2,3,0.37,20,low
5,1,3,15,14,2,6,0.72,3,low
5,4,4,14,21,4,5,0.42,17,low
3,2,4,6,11,5,4,0.7,18,low
1,2,2,13,20,4,4,0.03,18,low
5,2,2,15,13,4,3,0.59,7,low
2,2,2,11,10,4,3,0.97,18,low
5,5,1,8,12,3,2,0.33,7,low
1,4,5,14,24,3,3,0.41,15,low
4,3,3,7,14,3,2,1,15,low
3,1,3,11,21,5,4,0.13,19,low
2,2,1,13,11,5,3,0.88,14,low
3,3,5,13,12,3,3,0.32,19,low
3,2,3,7,19,5,6,0.29,5,low
4,3,1,9,20,4,4,0.69,16,low
3,4,1,14,15,5,5,0.57,14,low
5,3,1,15,11,2,5,0.93,4,low
2,5,3,15,21,2,6,0.18,10,low
1,2,2,10,25,4,5,0.13,9,low
5,5,2,10,15,2,6,0.69,20,low
4,4,5,11,11,4,6,0.87,17,low
1,2,2,12,22,2,5,0.96,13,low
1,3,1,7,21,5,3,0.54,17,low
5,5,3,13,20,4,3,0.67,14,low
3,1,4,15,15,4,3,0.27,11,low
5,3,2,11,12,4,4,0.94,12,low
3,1,5,8,23,4,6,0.3,8,low
4,4,3,10,18,4,2,0.24,8,low
5,1,5,11,21,2,3,0.44,10,low
4,3,5,12,22,3,6,0.81,9,low
2,2,4,10,23,4,6,0.84,10,low
2,5,4,13,14,2,5,0.06,6,low
5,3,1,7,21,2,5,0.37,17,low
1,4,4,8,20,5,4,0.45,14,low
5,2,1,14,21,4,2,0.26,19,low
4,5,4,12,14,3,5,0.18,3,low
1,4,4,10,24,3,4,0.54,16,low
5,3,4,15,10,2,6,0.64,16,low
2,4,3,6,23,2,5,0.03,16,low
2,4,3,9,13,4,6,0.59,11,low
3,5,1,9,22,5,4,0.79,18,low
4,1,4,5,10,5,2,0.93,18,low
1,3,1,12,17,4,6,0.95,14,low
3,3,3,13,24,5,6,0.84,12,low
1,3,3,13,23,4,2,0.04,11,low
2,4,2,13,18,3,3,0.94,15,low
2,1,2,14,11,5,2,0.66,3,low
1,3,2,11,12,4,3,0.54,18,low
1,3,1,9,19,2,5,0.83,10,low
5,2,4,7,20,5,5,0.65,19,low
4,2,4,14,20,4,2,0.62,7,low
5,3,3,6,15,5,5,0.14,15,low
4,1,2,8,21,2,5,0.52,6,low
4,4,3,15,19,5,5,0.26,5,low
1,3,2,15,20,5,5,0.34,14,low
5,4,5,11,10,3,3,0.62,8,low
1,5,1,7,18,3,6,0.46,9,low
2,1,1,10,21,3,6,0.7,19,low
1,2,3,9,13,3,2,0.83,7,low
3,4,3,8,23,3,5,0.26,14,low
3,2,2,13,25,3,6,0.7,6,low
2,2,5,8,23,4,3,0.78,20,low
5,4,1,12,18,2,6,0.63,20,low
2,5,2,12,23,4,4,0.75,8,low
4,2,2,11,22,5,6,0.65,3,low
1,4,1,13,15,5,2,0.43,13,low
2,3,1,12,10,3,4,0.72,11,low
4,3,4,12,24,5,6,0.65,20,low
2,2,5,10,21,3,2,0.7,13,low
4,1,3,5,10,5,5,0.15,7,low
4,2,3,9,24,3,4,0.71,5,low
5,3,2,8,23,3,2,0.63,4,low
4,2,1,10,11,2,6,0.55,7,low
4,5,4,8,17,3,6,0.15,8,low
4,4,5,14,19,3,2,0.77,19,low
1,2,4,5,20,5,2,0.62,4,low
4,3,5,8,15,4,6,0.37,9,low
3,1,1,6,23,3,5,0.91,10,low
2,5,4,9,15,4,5,0.25,4,low
4,4,4,13,12,3,6,0.13,12,low
5,4,1,8,24,5,6,0.51,6,low
4,1,4,5,20,2,4,0.01,6,low
3,1,5,14,10,2,2,0.99,6,low
2,2,5,9,20,3,5,0.54,11,low
4,5,1,8,25,5,2,0.87,12,low
1,3,5,14,12,5,6,0.94,19,low
2,2,1,15,20,3,4,0.86,18,low
2,2,3,5,20,2,3,0.54,15,low
5,5,5,10,21,2,6,0.57,10,low
4,3,2,8,15,2,5,0.73,6,low
2,1,5,12,20,5,3,0.65,11,low
4,1,3,9,23,5,2,0.28,17,low
2,4,2,12,12,4,2,0.74,15,low
3,3,4,6,15,3,5,0.26,3,low
1,4,2,11,25,4,6,0.77,15,low
3,4,1,15,21,3,3,0.48,16,low
1,1,2,6,23,4,3,0.09,4,low
2,3,1,14,24,3,4,0.97,9,low
3,4,5,6,17,5,2,0.19,13,low
2,4,4,13,17,3,3,0.69,20,low
3,3,4,7,16,2,2,0.02,12,low
1,1,1,12,18,2,2,0,5,low
4,2,3,9,14,4,4,0.47,15,low
5,5,3,11,21,2,3,0.91,9,low
3,4,5,15,13,2,6,0.49,6,low
1,4,4,8,25,4,5,0.79,11,low
1,1,2,5,13,5,4,0.36,15,low
1,2,5,14,15,3,4,0.08,18,low
3,3,3,9,24,5,2,0.7,19,low
3,2,5,5,17,2,6,0.51,13,low
2,1,5,15,24,5,3,0.39,8,low
5,1,4,7,22,5,5,0.89,8,low
3,2,1,12,16,2,6,0.17,13,low
3,1,2,5,12,3,4,0.71,10,low
2,5,2,15,14,2,4,0.05,20,low
2,5,2,5,17,4,6,0.46,17,low
1,5,3,12,18,4,6,0.6,16,low
3,3,1,14,17,5,4,0.72,14,low
5,3,5,8,16,5,6,0.13,18,low
2,4,3,9,18,2,3,0.07,17,low
2,4,4,6,11,3,5,0.9,7,low
3,1,1,6,23,5,5,0.09,7,low
1,4,3,6,22,3,4,0.59,19,low
4,2,1,9,16,4,5,0.2,18,low
2,2,2,9,19,5,3,0.67,4,low
1,1,1,8,21,5,6,0.28,10,low
3,1,2,9,13,4,5,0.17,7,low
3,3,2,5,16,3,6,0.6,4,low
5,5,4,13,12,5,4,0.16,6,low
4,1,5,12,16,3,2,0.65,13,low
4,1,4,8,24,4,3,0.11,5,low
4,1,4,9,13,3,6,0.48,5,low
1,2,4,5,12,3,5,0.89,6,low
5,3,1,6,15,5,4,0.96,5,low
3,4,5,6,19,2,4,0.81,13,low
1,4,1,5,18,2,2,0.75,18,low
4,2,4,8,10,2,4,0.73,7,low
2,4,5,11,15,4,2,0.7,9,low
1,3,1,5,21,3,3,0,16,low
2,4,5,8,18,3,2,0.51,19,low
1,3,4,8,19,3,3,0.72,19,low
2,2,4,12,13,4,5,0.6,5,low
3,2,3,6,14,3,2,0.65,7,low
3,5,2,9,24,5,3,0.23,15,low
3,2,2,14,22,2,4,0.58,15,low
1,5,5,15,19,5,3,0.74,7,low
2,3,1,15,25,2,2,0.77,5,low
2,3,5,6,10,4,6,0.09,3,low
3,2,5,14,25,3,5,0.73,11,low
1,5,5,15,20,4,3,0.77,16,low
4,1,2,13,25,5,3,0.06,11,low
2,3,1,6,19,2,6,0.17,19,low
1,1,1,12,24,2,2,0.13,14,low
5,4,4,9,10,2,3,0.91,13,low
1,2,1,11,20,3,4,0.4,9,low
4,4,3,13,15,3,5,0.87,18,low
2,4,4,8,22,2,3,0.57,20,low
2,4,1,12,10,3,5,0.1,20,low
5,5,4,14,15,2,5,0.28,4,low
2,4,1,12,21,3,3,0.68,18,low
2,1,1,11,25,2,4,0.45,10,low
3,5,2,7,22,4,2,0.85,13,low
3,3,4,6,12,3,5,0.92,18,low
1,5,1,7,10,3,4,0.6,10,low
1,4,1,7,23,3,4,0.31,11,low
3,2,4,6,11,3,5,0.18,5,low
3,4,1,6,12,5,3,0.09,14,low
4,1,3,13,12,3,5,0.2,4,low
5,3,2,10,13,4,6,0.06,7,low
2,3,2,5,20,3,5,0.9,6,low
4,3,1,13,20,3,2,0.07,17,low
5,4,2,8,13,3,5,0.35,12,low
2,2,1,15,11,2,4,0.64,8,low
2,5,2,8,24,3,5,0.08,8,low
4,3,2,8,20,2,4,0.27,7,low
3,3,4,15,18,4,3,0.17,7,low
5,2,4,15,20,4,5,0.25,19,low
2,2,4,9,10,5,2,0.93,20,low
1,5,2,12,16,3,4,0.09,17,low
1,3,5,7,16,5,2,0.26,7,low
2,5,2,14,10,2,5,0.54,11,low
1,5,4,8,18,4,3,0.5,16,low
1,2,2,15,17,4,4,0.51,15,low
2,1,5,8,12,4,3,0.15,18,low
4,2,1,8,21,4,3,0.07,17,low
3,2,1,13,23,2,6,0.43,5,low
1,3,3,13,20,4,6,0.82,20,low
4,2,5,7,11,4,4,0.79,11,low
5,5,4,8,22,4,6,0.22,17,low
3,5,1,13,10,5,5,0.88,20,low
4,2,2,9,15,5,5,0.25,18,low
5,4,2,5,22,5,5,0.87,18,low
3,1,1,9,14,2,6,0.92,4,low
5,3,3,11,16,3,6,0.25,12,low
1,3,4,10,23,3,5,0.87,16,low
5,5,1,11,25,2,4,0.34,20,low
1,4,3,6,19,4,3,0.06,15,low
3,3,4,12,16,3,2,0.85,5,low
2,4,1,10,24,2,6,0.79,3,low
4,5,2,9,21,2,6,0.9,5,low
4,1,1,14,24,3,6,1,20,low
1,1,5,9,21,4,5,0.26,16,low
4,3,3,12,21,5,6,0.66,20,low
1,3,5,12,18,2,2,0.31,6,low
3,3,5,10,17,5,3,0.9,17,low
4,4,4,9,14,3,6,0.2,14,low
1,5,1,7,22,5,2,0.63,15,low
5,5,4,7,13,4,2,0.93,7,low
4,5,3,13,17,3,6,0.67,20,low
3,2,4,8,20,5,3,1,14,low
2,4,1,5,16,2,5,0.51,14,low
2,3,3,6,24,5,2,0.08,20,low
2,4,1,10,12,4,2,0.02,12,low
5,4,3,7,17,3,3,0.49,8,low
3,2,1,14,17,5,3,0.89,8,low
5,5,1,15,11,5,2,0.25,16,low
2,5,4,11,22,3,5,0.72,18,low
2,4,3,13,19,3,3,0.59,5,low
3,1,4,6,11,5,5,0.93,16,low
2,2,5,7,17,4,5,0.54,11,low
1,3,3,14,11,5,5,0.14,10,low
2,3,3,14,15,2,6,0.81,13,low
4,3,1,10,20,5,5,0.99,12,low
2,4,2,13,15,3,6,0.83,19,low
4,2,5,10,20,5,2,0.95,15,low
1,3,5,13,11,4,6,0.75,18,low
4,3,5,10,15,2,5,0.76,4,low
5,2,5,11,16,2,6,0.01,20,low
5,5,5,7,16,4,3,0.24,18,low
5,4,3,10,16,5,4,0.37,12,low
3,3,2,9,24,4,5,0.28,16,low
4,1,1,7,12,4,4,0.1,19,low
2,2,1,5,24,3,3,0.13,3,low
5,3,4,12,13,3,3,0.38,6,low
5,2,5,13,16,5,5,0.45,5,low
2,3,1,15,23,5,2,0.81,13,low
2,5,4,8,13,3,5,0.7,20,low
3,5,3,13,24,5,6,0.29,17,low
3,4,5,10,10,5,2,0.43,19,low
5,5,4,6,13,5,3,0.86,16,low
4,2,2,10,21,2,3,0.85,16,low
3,1,1,9,13,4,4,0.99,8,low
1,5,2,14,10,5,3,0.21,19,low
4,5,1,8,16,3,3,0.93,16,low
5,4,2,5,25,3,6,0.58,5,low
2,2,5,7,23,5,3,0.46,8,low
2,4,1,14,22,2,6,0.24,10,low
3,2,1,6,17,2,4,0.35,5,low
1,4,4,11,19,2,6,0.37,15,low
5,5,4,9,15,4,5,0.5,4,low
3,3,5,15,16,2,3,0.88,7,low
2,5,4,7,22,5,4,0.59,16,low
1,2,3,7,24,2,2,0.81,17,low
1,2,2,7,15,3,2,0.37,13,low
2,4,3,7,15,5,4,0.71,5,low
5,2,4,8,15,2,3,0.25,4,low
2,4,4,15,13,2,2,0.68,10,low
2,4,5,6,24,4,6,0.88,17,low
1,4,1,12,11,2,6,0.82,18,low
4,3,4,9,25,3,6,0.61,8,low
1,2,4,15,18,3,2,0.45,4,low
5,5,3,9,14,4,6,0.26,19,low
4,2,3,9,23,5,4,0.61,10,low
5,2,3,15,15,2,5,0.86,5,low
4,4,4,6,22,4,4,0.67,10,low
1,4,2,9,15,4,6,0.35,8,low
4,5,4,7,20,5,5,0.34,12,low
3,4,4,8,11,5,3,0.05,17,low
5,2,2,8,19,2,2,0.36,11,low
1,4,5,15,20,5,5,0.99,19,low
4,5,5,14,16,4,5,0.9,14,low
4,5,3,10,14,3,6,0.22,18,low
4,3,3,14,16,2,5,0.38,11,low
2,5,4,6,16,2,5,0.88,11,low
2,4,5,6,20,3,6,0.37,18,low
2,2,3,10,24,3,2,0.64,4,low
1,4,2,8,22,4,5,0.76,8,low
1,4,2,13,11,3,6,0.79,13,low
3,1,2,7,18,2,3,0.04,16,low
4,4,2,13,20,4,3,0.87,20,low
5,3,2,9,10,5,3,0.91,17,low
4,4,1,10,15,2,4,0.4,7,low
5,3,4,9,23,3,5,0.42,10,low
3,2,3,10,20,4,5,0.96,20,low
3,1,1,6,24,3,2,0.58,18,low
1,2,1,5,21,2,4,0.96,14,low
5,1,1,14,22,2,2,0.67,10,low
5,3,1,8,19,4,3,0.74,7,low
1,1,1,11,15,5,5,0.74,10,low
5,5,2,9,24,5,4,0.13,20,low
3,5,4,8,23,4,4,0.79,12,low
4,5,4,12,11,4,2,0.92,10,low
4,5,5,9,22,5,6,0.9,9,low
2,5,1,7,19,3,2,0.86,9,low
5,1,1,10,12,3,4,0.03,14,low
3,3,5,12,23,2,5,0.17,9,low
3,4,4,13,16,2,3,0.56,17,low
3,5,1,15,10,2,4,0.19,3,low
5,4,3,10,24,2,2,0.19,17,low
1,3,5,12,24,5,5,0.64,10,low
3,5,3,8,18,4,4,0.65,5,low
4,4,5,6,25,2,2,0.46,9,low
3,1,2,6,20,5,4,0.8,5,low
2,5,3,10,10,3,2,0.82,12,low
4,2,3,14,19,4,3,0.36,11,low
1,3,5,7,18,2,6,0.77,19,low
5,5,1,11,23,2,4,0.63,12,low
2,4,4,7,17,2,4,0.46,15,low
1,4,5,7,22,3,3,0.91,7,low
2,5,2,6,14,4,4,0.21,15,low
4,2,2,13,10,3,6,0.95,15,low
3,1,1,9,15,3,5,0.43,9,low
4,2,5,6,16,2,2,0.77,5,low
4,2,5,7,24,3,5,0.38,5,low
1,2,2,6,23,4,5,0.22,13,low
3,3,4,11,22,5,5,0.84,3,low
4,5,1,8,21,4,2,0.45,18,low
2,2,2,8,23,3,3,0.95,10,low
3,5,5,15,20,3,3,0.38,6,low
2,3,5,15,22,2,4,0.65,6,low
3,5,2,10,16,3,2,0.96,20,low
2,5,4,6,10,4,4,0.79,7,low
2,5,3,7,17,2,4,0.95,18,low
1,3,1,6,19,2,6,0.13,18,low
4,3,5,7,18,3,5,0.24,16,low
3,5,4,12,11,4,4,0.75,16,low
1,5,3,5,15,2,4,0.42,12,low
1,2,5,9,22,2,3,1,14,low
3,3,3,7,15,3,2,0.79,5,low
1,3,1,11,12,4,2,0.28,10,low
2,3,4,13,20,5,3,0.46,18,low
4,1,3,15,15,2,6,0.94,18,low
5,3,2,10,23,5,5,0.19,9,low
5,4,3,8,11,2,4,0.17,15,low
2,4,2,5,25,2,4,0.66,13,low
1,2,5,5,18,2,6,0.62,13,low
5,3,3,9,12,5,2,0.62,9,low
2,2,5,10,10,3,2,0.88,7,low
4,4,3,15,20,2,5,0.4,5,low
5,5,5,15,14,2,6,0.68,20,low
5,2,3,10,21,3,5,0.35,17,low
1,3,2,9,16,3,3,0.84,9,low
3,5,5,15,23,2,4,0.63,8,low
1,2,1,14,15,2,3,0.72,19,low
2,5,4,5,25,5,4,0.38,4,low
4,5,2,11,12,5,3,0.36,15,low
3,1,1,9,14,2,3,0.25,18,low
2,4,2,10,20,2,5,0.91,18,low
5,4,2,10,11,3,3,0.14,16,low
5,4,5,7,14,4,6,0.52,12,low
1,4,3,13,15,2,6,0.75,7,low
5,2,4,5,10,3,2,0.31,17,low
5,5,2,9,20,2,5,0.39,15,low
5,5,4,14,23,4,6,0.57,11,low
4,5,4,7,21,2,3,0.48,5,low
4,4,5,5,20,5,3,0.58,19,low
3,4,5,5,19,5,4,0.95,4,low
3,5,2,14,22,3,2,0.14,6,low
5,4,3,9,22,2,3,0.49,13,low
2,5,2,9,22,2,6,0.22,3,low
5,5,4,15,16,5,5,0.21,13,low
2,3,1,10,14,5,3,0.83,15,low
4,2,5,7,16,5,6,0.82,14,low
1,4,4,6,10,4,5,0.49,8,low
2,4,1,15,22,5,4,0.06,7,low
5,3,5,14,12,2,6,0.56,14,low
4,5,2,14,15,4,2,0.87,5,low
5,5,3,12,16,4,4,0.06,20,low
1,3,2,12,12,4,6,0.54,6,low
4,5,3,7,21,4,2,0.76,6,low
4,5,5,5,24,4,4,0.7,10,low
5,3,5,7,15,2,5,0.04,16,low
3,4,5,7,15,4,5,0.67,14,low
5,5,3,13,13,3,6,0.87,3,low
3,5,3,11,17,4,6,0.36,3,low
3,3,2,13,22,2,4,0.46,16,low
1,5,3,13,21,2,4,0.7,15,low
2,2,3,12,17,5,6,0.04,5,low
1,3,3,14,10,2,4,0.8,12,low
3,3,3,14,23,2,6,0.15,5,low
4,2,5,15,10,3,2,0.84,16,low
1,4,3,11,11,5,6,0.45,3,low
3,4,4,12,23,3,3,0.3,16,low
1,2,4,6,18,2,4,0.77,5,low
3,2,4,10,18,5,4,0.6,18,low
3,4,2,12,24,4,6,0.87,4,low
2,5,4,6,15,4,2,0.75,19,low
4,4,2,12,14,5,6,0.38,13,low
4,2,4,10,23,3,5,0.99,5,low
5,3,3,11,19,5,3,0.48,10,low
5,5,5,8,14,3,4,0.88,5,low
3,5,1,7,14,5,2,0.37,3,low
2,2,5,5,22,2,3,0.89,9,low
3,3,5,7,17,3,6,0.14,11,low
2,1,2,5,21,3,2,0.22,12,low
2,3,5,7,11,4,2,0.46,20,low
3,4,5,6,18,2,5,0.91,14,low
3,4,3,12,10,4,5,0.15,16,low
2,4,1,13,22,4,2,0.04,17,low
4,5,1,5,12,3,2,0.99,5,low
2,4,2,5,17,3,2,0.61,18,low
3,2,3,8,20,3,6,0.82,11,low
2,2,5,10,24,2,3,0.22,11,low
3,4,5,14,21,2,4,0.36,15,low
2,3,3,12,18,4,3,0.8,3,low
3,3,4,14,19,5,3,0.44,4,low
4,3,1,10,18,3,2,0.01,13,low
5,5,4,6,25,2,3,0.24,16,low
1,1,4,13,17,5,2,0.24,9,low
3,5,3,8,23,3,4,0.31,11,low
5,2,4,6,15,5,2,0.24,7,low
4,5,4,8,14,5,4,0.72,10,low
5,4,5,15,12,3,4,0.08,7,low
4,3,3,12,13,5,4,0.51,5,low
1,5,4,9,20,5,2,0.82,10,low
5,4,4,14,19,2,3,0.15,9,low
4,3,3,10,17,3,3,0.7,20,low
2,3,2,14,22,5,4,0.55,19,low
5,5,4,12,20,5,5,0.45,13,low
5,3,4,15,18,4,2,0.21,3,low
1,5,4,11,20,3,4,0.38,11,low
2,4,4,11,16,3,6,1,10,low
2,3,4,7,20,5,2,0.76,8,low
2,1,4,6,10,2,3,0.24,16,low
3,4,4,15,24,3,2,0.51,7,low
4,2,5,6,14,2,6,0.25,6,low
4,4,4,6,10,5,3,0.44,12,low
2,3,4,13,12,3,3,0.19,19,low
3,4,2,6,15,3,3,0.04,5,low
3,4,1,8,23,3,5,0.82,13,low
4,5,4,6,15,4,6,0.43,7,low
3,2,2,14,16,5,4,0,20,low
2,4,1,5,19,4,3,0.06,16,low
3,3,5,11,20,5,6,0.65,18,low
4,4,3,10,16,2,6,0.13,7,low
4,1,3,9,10,2,6,0.02,6,low
3,2,5,12,24,3,4,0.57,4,low
2,5,4,12,17,3,5,0.82,19,low
1,2,5,10,22,5,5,0.72,8,low
3,5,1,10,20,5,6,0.4,20,low
5,4,1,12,19,5,6,0.52,20,low
3,5,5,7,15,3,4,0.05,14,low
4,3,4,9,19,2,4,0.22,15,low
1,4,1,5,21,5,4,0.38,19,low
3,3,3,6,18,3,4,0.8,5,low
3,5,1,7,11,5,3,0.13,8,low
1,3,2,7,19,3,2,0.15,4,low
3,3,5,13,22,3,2,0.69,3,low
1,5,2,9,13,2,3,0.2,8,low
3,2,1,14,20,3,2,0.66,18,low
4,1,3,13,12,2,3,0.52,9,low
4,2,2,7,24,2,3,0.56,18,low
3,3,5,10,23,4,6,0.46,7,low
5,4,4,6,14,3,4,0.39,9,low
1,3,4,13,13,2,4,0.16,19,low
2,3,3,12,19,4,5,0.53,13,low
4,5,5,12,23,2,6,0.38,16,low
2,3,1,13,11,2,6,0.37,20,low
1,3,4,15,23,2,2,0.9,3,low
2,5,1,15,20,5,5,0.24,10,low
4,5,1,14,18,4,5,0.02,13,low
2,5,2,8,22,4,2,0.65,6,low
3,5,4,9,14,2,4,0.17,12,low
2,5,2,13,23,2,2,0.76,15,low
4,4,5,7,10,3,3,0.22,15,low
1,5,2,15,15,3,2,0.24,18,low
1,4,5,5,20,2,4,0.63,12,low
3,5,4,9,25,4,5,0.44,8,low
4,2,3,15,20,4,4,0.57,4,low
1,3,4,13,20,3,6,0.48,4,low
5,5,5,12,16,5,4,0.02,18,low
4,4,1,6,23,3,5,0.48,6,low
5,1,2,8,17,4,2,0.54,17,low
2,5,4,7,10,2,3,0.28,5,low
3,2,1,13,14,3,2,0.06,19,low
1,4,5,10,23,3,6,0.78,12,low
5,4,2,8,18,2,5,0.76,7,low
3,2,2,8,10,4,2,0.37,6,low
4,2,4,10,24,5,5,0.37,15,low
1,2,4,8,23,2,5,0.84,9,low
3,5,4,14,18,3,2,0.29,9,low
4,2,5,14,19,2,5,0.89,14,low
4,2,1,11,11,3,3,0.35,14,low
1,1,2,5,24,4,3,0.83,7,low
3,1,3,11,24,5,2,0.87,14,low
1,4,4,14,22,3,6,0.65,19,low
4,1,2,14,16,4,4,0.99,20,low
1,3,5,10,18,5,6,0.64,5,low
5,4,1,10,11,5,2,0.2,17,low
2,4,1,6,17,3,4,0.14,7,low
2,1,5,7,14,3,2,0.49,3,low
2,2,5,12,24,5,3,0.59,10,low
2,3,3,5,19,3,2,0.28,12,low
4,3,5,10,14,3,3,0.99,4,low
2,4,4,14,24,4,5,0.44,16,low
2,4,2,14,19,5,3,0.1,17,low
4,3,2,11,10,5,3,0.31,15,low
2,2,4,6,16,4,6,0.5,14,low
5,4,3,7,14,2,3,0.75,15,low
5,2,3,7,11,2,5,0.91,19,low
2,3,1,15,17,3,6,0.22,20,low
2,5,1,15,24,4,2,0.22,12,low
2,4,3,13,25,4,2,0.29,14,low
2,1,4,10,18,2,6,0.46,18,low
2,2,2,12,10,5,6,0.89,16,low
5,3,1,6,11,5,2,0.5,9,low
1,3,4,11,19,3,6,0.54,7,low
5,1,5,7,15,4,6,0.9,8,low
5,1,2,9,17,5,6,0.08,12,low
2,4,3,8,17,3,2,0.47,15,low
1,3,4,10,12,4,6,0.42,8,low
3,4,4,12,15,5,3,0.62,17,low
3,2,2,6,14,4,5,0.18,16,low
2,2,2,6,16,5,5,0.54,4,low
3,2,4,13,21,2,6,0.85,9,low
5,2,3,6,12,3,2,0.06,13,low
2,4,5,13,11,3,5,0.29,3,low
3,5,2,15,17,3,5,0.33,4,low
3,2,4,6,23,2,2,0.9,17,low
5,1,5,15,10,4,3,0.95,15,low
5,1,5,7,15,4,4,0.11,11,low
1,2,4,8,10,2,3,0.37,13,low
1,5,5,7,17,2,4,0.52,16,low
2,2,1,14,12,5,3,0.42,6,low
1,5,2,13,15,3,2,0.97,17,low
4,5,5,11,20,2,2,0.18,17,low
5,5,4,7,16,4,2,0.83,15,low
3,1,5,15,15,3,6,0.17,3,low
5,5,4,7,22,2,4,0.37,19,low
5,4,3,9,20,4,2,0.86,16,low
5,1,4,13,12,3,6,0.57,8,low
5,5,2,15,11,3,5,0.41,16,low
4,1,5,14,15,4,2,0.21,12,low
5,4,1,8,16,2,4,0.47,10,low
2,5,1,10,12,3,4,0.71,4,low
3,4,3,11,13,2,3,0.46,3,low
5,5,3,15,24,5,2,0.8,19,low
1,3,3,7,19,2,5,0.51,18,low
5,3,5,8,24,5,3,0.01,20,low
5,3,1,11,12,3,2,0.89,13,low
1,2,1,11,24,4,4,0.25,14,low
